2026-03-19 23:43:09 | INFO     | secureshield.app.main          | ============================================================
2026-03-19 23:43:09 | INFO     | secureshield.app.main          | SecureShield AI API starting up...
2026-03-19 23:43:09 | INFO     | secureshield.app.main          | Logging → file: logs/secureshield.log  |  DB: error_logs table
2026-03-19 23:43:09 | INFO     | secureshield.app.main          | ============================================================
2026-03-20 00:07:50 | INFO     | secureshield.app.main          | SecureShield AI API shutting down.
2026-03-20 00:07:52 | INFO     | secureshield.app.main          | ============================================================
2026-03-20 00:07:52 | INFO     | secureshield.app.main          | SecureShield AI API starting up...
2026-03-20 00:07:52 | INFO     | secureshield.app.main          | Logging → file: logs/secureshield.log  |  DB: error_logs table
2026-03-20 00:07:52 | INFO     | secureshield.app.main          | ============================================================
2026-03-20 00:07:52 | INFO     | secureshield.app.main          | SecureShield AI API shutting down.
2026-03-20 00:07:54 | INFO     | secureshield.app.main          | ============================================================
2026-03-20 00:07:54 | INFO     | secureshield.app.main          | SecureShield AI API starting up...
2026-03-20 00:07:54 | INFO     | secureshield.app.main          | Logging → file: logs/secureshield.log  |  DB: error_logs table
2026-03-20 00:07:54 | INFO     | secureshield.app.main          | ============================================================
2026-03-20 00:11:38 | INFO     | secureshield.app.main          | SecureShield AI API shutting down.
2026-03-20 00:12:15 | INFO     | secureshield.app.main          | ============================================================
2026-03-20 00:12:15 | INFO     | secureshield.app.main          | SecureShield AI API starting up...
2026-03-20 00:12:15 | INFO     | secureshield.app.main          | Logging → file: logs/secureshield.log  |  DB: error_logs table
2026-03-20 00:12:15 | INFO     | secureshield.app.main          | ============================================================
2026-03-20 00:15:51 | ERROR    | secureshield.app.routers.auth  | Twilio SMS failed: 
[31m[49mHTTP Error[0m [37m[49mYour request was:[0m

[36m[49mPOST /Accounts/AC71b0fbdb1e4adfdac3533b1d8d0be1c2/Messages.json[0m

[37m[49mTwilio returned the following information:[0m

[34m[49mUnable to create record: Invalid From and To pair. From and To should be of the same channel[0m

[37m[49mMore information may be available here:[0m

[34m[49mhttps://www.twilio.com/docs/errors/21910[0m


2026-03-20 00:15:51 | INFO     | secureshield.app.routers.auth  | [DEV] OTP for 998****916: 790005
2026-03-20 00:17:47 | INFO     | secureshield.app.main          | SecureShield AI API shutting down.
2026-03-20 00:38:15 | INFO     | secureshield.app.main          | ============================================================
2026-03-20 00:38:15 | INFO     | secureshield.app.main          | SecureShield AI API starting up...
2026-03-20 00:38:15 | INFO     | secureshield.app.main          | Logging → file: logs/secureshield.log  |  DB: error_logs table
2026-03-20 00:38:15 | INFO     | secureshield.app.main          | Rate limiting: 100 req/min per IP
2026-03-20 00:38:15 | INFO     | secureshield.app.main          | ============================================================
2026-03-20 00:38:15 | INFO     | secureshield.app.main          | Startup cleanup: no error_log records older than 90 days found.
2026-03-20 00:51:17 | ERROR    | secureshield.app.services.otp_service | Twilio SMS failed to 998****916: 
[31m[49mHTTP Error[0m [37m[49mYour request was:[0m

[36m[49mPOST /Accounts/AC71b0fbdb1e4adfdac3533b1d8d0be1c2/Messages.json[0m

[37m[49mTwilio returned the following information:[0m

[34m[49mUnable to create record: Invalid 'To' Phone Number: 998767XXXX[0m

[37m[49mMore information may be available here:[0m

[34m[49mhttps://www.twilio.com/docs/errors/21211[0m


2026-03-20 00:51:17 | INFO     | secureshield.app.services.otp_service | SMS failed, trying WhatsApp for 998****916
2026-03-20 00:51:18 | ERROR    | secureshield.app.services.otp_service | WhatsApp OTP failed to 998****916: 
[31m[49mHTTP Error[0m [37m[49mYour request was:[0m

[36m[49mPOST /Accounts/AC71b0fbdb1e4adfdac3533b1d8d0be1c2/Messages.json[0m

[37m[49mTwilio returned the following information:[0m

[34m[49mUnable to create record: Twilio could not find a Channel with the specified From address[0m

[37m[49mMore information may be available here:[0m

[34m[49mhttps://www.twilio.com/docs/errors/63007[0m


2026-03-20 00:51:18 | INFO     | secureshield.app.services.otp_service | [DEV] OTP for 998****916: 385552 (delivery failed: sms+whatsapp)
2026-03-20 00:51:18 | WARNING  | secureshield.app.routers.auth  | OTP delivery failed (method=console) for 998****916: 
[31m[49mHTTP Error[0m [37m[49mYour request was:[0m

[36m[49mPOST /Accounts/AC71b0fbdb1e4adfdac3533b1d8d0be1c2/Messages.json[0m

[37m[49mTwilio returned the following information:[0m

[34m[49mUnable to create record: Twilio could not find a Channel with the specified From address[0m

[37m[49mMore information may be available here:[0m

[34m[49mhttps://www.twilio.com/docs/errors/63007[0m

 — fell back to console
2026-03-20 00:54:37 | INFO     | secureshield.app.main          | SecureShield AI API shutting down.
2026-03-20 00:54:39 | INFO     | secureshield.app.main          | ============================================================
2026-03-20 00:54:39 | INFO     | secureshield.app.main          | SecureShield AI API starting up...
2026-03-20 00:54:39 | INFO     | secureshield.app.main          | Logging → file: logs/secureshield.log  |  DB: error_logs table
2026-03-20 00:54:39 | INFO     | secureshield.app.main          | Rate limiting: 100 req/min per IP
2026-03-20 00:54:39 | INFO     | secureshield.app.main          | ============================================================
2026-03-20 00:54:39 | INFO     | secureshield.app.main          | Startup cleanup: no error_log records older than 90 days found.
2026-03-20 00:54:39 | INFO     | secureshield.app.main          | SecureShield AI API shutting down.
2026-03-20 00:54:41 | INFO     | secureshield.app.main          | ============================================================
2026-03-20 00:54:41 | INFO     | secureshield.app.main          | SecureShield AI API starting up...
2026-03-20 00:54:41 | INFO     | secureshield.app.main          | Logging → file: logs/secureshield.log  |  DB: error_logs table
2026-03-20 00:54:41 | INFO     | secureshield.app.main          | Rate limiting: 100 req/min per IP
2026-03-20 00:54:41 | INFO     | secureshield.app.main          | ============================================================
2026-03-20 00:54:41 | INFO     | secureshield.app.main          | Startup cleanup: no error_log records older than 90 days found.
2026-03-20 00:55:11 | INFO     | secureshield.app.main          | SecureShield AI API shutting down.
2026-03-20 00:55:13 | INFO     | secureshield.app.main          | ============================================================
2026-03-20 00:55:13 | INFO     | secureshield.app.main          | SecureShield AI API starting up...
2026-03-20 00:55:13 | INFO     | secureshield.app.main          | Logging → file: logs/secureshield.log  |  DB: error_logs table
2026-03-20 00:55:13 | INFO     | secureshield.app.main          | Rate limiting: 100 req/min per IP
2026-03-20 00:55:13 | INFO     | secureshield.app.main          | ============================================================
2026-03-20 00:55:13 | INFO     | secureshield.app.main          | Startup cleanup: no error_log records older than 90 days found.
2026-03-20 00:55:13 | INFO     | secureshield.app.main          | SecureShield AI API shutting down.
2026-03-20 00:55:14 | INFO     | secureshield.app.main          | ============================================================
2026-03-20 00:55:14 | INFO     | secureshield.app.main          | SecureShield AI API starting up...
2026-03-20 00:55:14 | INFO     | secureshield.app.main          | Logging → file: logs/secureshield.log  |  DB: error_logs table
2026-03-20 00:55:14 | INFO     | secureshield.app.main          | Rate limiting: 100 req/min per IP
2026-03-20 00:55:14 | INFO     | secureshield.app.main          | ============================================================
2026-03-20 00:55:15 | INFO     | secureshield.app.main          | Startup cleanup: no error_log records older than 90 days found.
2026-03-20 00:55:45 | INFO     | secureshield.app.main          | SecureShield AI API shutting down.
2026-03-20 00:55:46 | INFO     | secureshield.app.main          | ============================================================
2026-03-20 00:55:46 | INFO     | secureshield.app.main          | SecureShield AI API starting up...
2026-03-20 00:55:46 | INFO     | secureshield.app.main          | Logging → file: logs/secureshield.log  |  DB: error_logs table
2026-03-20 00:55:46 | INFO     | secureshield.app.main          | Rate limiting: 100 req/min per IP
2026-03-20 00:55:46 | INFO     | secureshield.app.main          | ============================================================
2026-03-20 00:55:47 | INFO     | secureshield.app.main          | Startup cleanup: no error_log records older than 90 days found.
2026-03-20 11:10:31 | INFO     | secureshield.app.main          | ============================================================
2026-03-20 11:10:31 | INFO     | secureshield.app.main          | SecureShield AI API starting up...
2026-03-20 11:10:31 | INFO     | secureshield.app.main          | Logging → file: logs/secureshield.log  |  DB: error_logs table
2026-03-20 11:10:31 | INFO     | secureshield.app.main          | Rate limiting: 100 req/min per IP
2026-03-20 11:10:31 | INFO     | secureshield.app.main          | ============================================================
2026-03-20 11:10:31 | INFO     | secureshield.app.main          | Startup cleanup: no error_log records older than 90 days found.
2026-03-20 11:19:19 | INFO     | secureshield.app.main          | SecureShield AI API shutting down.
2026-03-20 11:20:53 | INFO     | secureshield.app.main          | ============================================================
2026-03-20 11:20:53 | INFO     | secureshield.app.main          | SecureShield AI API starting up...
2026-03-20 11:20:53 | INFO     | secureshield.app.main          | Logging → file: logs/secureshield.log  |  DB: error_logs table
2026-03-20 11:20:53 | INFO     | secureshield.app.main          | Rate limiting: 100 req/min per IP
2026-03-20 11:20:53 | INFO     | secureshield.app.main          | ============================================================
2026-03-20 11:20:53 | INFO     | secureshield.app.main          | Startup cleanup: no error_log records older than 90 days found.
2026-03-20 11:58:34 | INFO     | secureshield.app.services.otp_service | Twilio SMS sent to +91*******916 | SID: SM4e644a2e5aa718e173511c9bf16a7247
2026-03-20 11:58:34 | INFO     | secureshield.app.routers.auth  | OTP delivered via sms to +91*******916
2026-03-20 11:59:07 | INFO     | secureshield.app.services.otp_service | Twilio SMS sent to +91*******916 | SID: SM7eecfbbacf4f56cb44a75a0190703194
2026-03-20 11:59:07 | INFO     | secureshield.app.routers.auth  | OTP delivered via sms to +91*******916
2026-03-20 12:03:20 | INFO     | secureshield.app.main          | SecureShield AI API shutting down.
2026-03-20 12:37:45 | INFO     | secureshield.app.main          | ============================================================
2026-03-20 12:37:45 | INFO     | secureshield.app.main          | SecureShield AI API starting up...
2026-03-20 12:37:45 | INFO     | secureshield.app.main          | Logging → file: logs/secureshield.log  |  DB: error_logs table
2026-03-20 12:37:45 | INFO     | secureshield.app.main          | Rate limiting: 100 req/min per IP
2026-03-20 12:37:45 | INFO     | secureshield.app.main          | ============================================================
2026-03-20 12:37:45 | INFO     | secureshield.app.main          | Startup cleanup: no error_log records older than 90 days found.
2026-03-20 12:38:10 | INFO     | secureshield.app.services.otp_service | Twilio SMS sent to +91*******916 | SID: SM1e5ab97e7c080cd9a3f3622b172bc3f1
2026-03-20 12:38:10 | INFO     | secureshield.app.routers.auth  | OTP delivered via sms to +91*******916
2026-03-20 12:38:36 | INFO     | secureshield.app.services.otp_service | Twilio SMS sent to +91*******916 | SID: SM3f12779c990849a945489b02f48092d8
2026-03-20 12:38:36 | INFO     | secureshield.app.routers.auth  | OTP delivered via sms to +91*******916
2026-03-20 13:14:26 | INFO     | secureshield.app.main          | SecureShield AI API shutting down.
2026-03-20 13:14:28 | INFO     | secureshield.app.main          | ============================================================
2026-03-20 13:14:28 | INFO     | secureshield.app.main          | SecureShield AI API starting up...
2026-03-20 13:14:28 | INFO     | secureshield.app.main          | Logging → file: logs/secureshield.log  |  DB: error_logs table
2026-03-20 13:14:28 | INFO     | secureshield.app.main          | Rate limiting: 100 req/min per IP
2026-03-20 13:14:28 | INFO     | secureshield.app.main          | ============================================================
2026-03-20 13:14:28 | INFO     | secureshield.app.main          | Startup cleanup: no error_log records older than 90 days found.
2026-03-20 13:14:28 | INFO     | secureshield.app.main          | SecureShield AI API shutting down.
2026-03-20 13:14:30 | INFO     | secureshield.app.main          | ============================================================
2026-03-20 13:14:30 | INFO     | secureshield.app.main          | SecureShield AI API starting up...
2026-03-20 13:14:30 | INFO     | secureshield.app.main          | Logging → file: logs/secureshield.log  |  DB: error_logs table
2026-03-20 13:14:30 | INFO     | secureshield.app.main          | Rate limiting: 100 req/min per IP
2026-03-20 13:14:30 | INFO     | secureshield.app.main          | ============================================================
2026-03-20 13:14:30 | INFO     | secureshield.app.main          | Startup cleanup: no error_log records older than 90 days found.
2026-03-20 13:33:49 | INFO     | secureshield.app.main          | SecureShield AI API shutting down.
2026-03-20 13:33:52 | INFO     | secureshield.app.main          | ============================================================
2026-03-20 13:33:52 | INFO     | secureshield.app.main          | SecureShield AI API starting up...
2026-03-20 13:33:52 | INFO     | secureshield.app.main          | Logging → file: logs/secureshield.log  |  DB: error_logs table
2026-03-20 13:33:52 | INFO     | secureshield.app.main          | Rate limiting: 100 req/min per IP
2026-03-20 13:33:52 | INFO     | secureshield.app.main          | ============================================================
2026-03-20 13:33:52 | INFO     | secureshield.app.main          | Startup cleanup: no error_log records older than 90 days found.
2026-03-20 13:33:52 | INFO     | secureshield.app.main          | SecureShield AI API shutting down.
2026-03-20 13:33:54 | INFO     | secureshield.app.main          | ============================================================
2026-03-20 13:33:54 | INFO     | secureshield.app.main          | SecureShield AI API starting up...
2026-03-20 13:33:54 | INFO     | secureshield.app.main          | Logging → file: logs/secureshield.log  |  DB: error_logs table
2026-03-20 13:33:54 | INFO     | secureshield.app.main          | Rate limiting: 100 req/min per IP
2026-03-20 13:33:54 | INFO     | secureshield.app.main          | ============================================================
2026-03-20 13:33:54 | INFO     | secureshield.app.main          | Startup cleanup: no error_log records older than 90 days found.
2026-03-20 14:59:32 | INFO     | secureshield.app.main          | SecureShield AI API shutting down.
2026-03-20 17:25:02 | INFO     | secureshield.app.main          | ============================================================
2026-03-20 17:25:02 | INFO     | secureshield.app.main          | SecureShield AI API starting up...
2026-03-20 17:25:02 | INFO     | secureshield.app.main          | Logging → file: logs/secureshield.log  |  DB: error_logs table
2026-03-20 17:25:02 | INFO     | secureshield.app.main          | Rate limiting: 100 req/min per IP
2026-03-20 17:25:02 | INFO     | secureshield.app.main          | ============================================================
2026-03-20 17:25:03 | INFO     | secureshield.app.main          | Startup cleanup: no error_log records older than 90 days found.
2026-03-20 17:31:41 | INFO     | secureshield.app.services.otp_service | Twilio SMS sent to +91*******916 | SID: SM57188c2ca7ee854546084a0880f8bcc4
2026-03-20 17:31:41 | INFO     | secureshield.app.routers.auth  | OTP delivered via sms to +91*******916
2026-03-20 17:51:43 | INFO     | secureshield.app.main          | SecureShield AI API shutting down.
2026-03-20 17:51:44 | INFO     | secureshield.app.main          | ============================================================
2026-03-20 17:51:44 | INFO     | secureshield.app.main          | SecureShield AI API starting up...
2026-03-20 17:51:44 | INFO     | secureshield.app.main          | Logging → file: logs/secureshield.log  |  DB: error_logs table
2026-03-20 17:51:44 | INFO     | secureshield.app.main          | Rate limiting: 100 req/min per IP
2026-03-20 17:51:44 | INFO     | secureshield.app.main          | ============================================================
2026-03-20 17:51:44 | INFO     | secureshield.app.main          | Startup cleanup: no error_log records older than 90 days found.
2026-03-20 17:51:44 | INFO     | secureshield.app.main          | SecureShield AI API shutting down.
2026-03-20 17:51:46 | INFO     | secureshield.app.main          | ============================================================
2026-03-20 17:51:46 | INFO     | secureshield.app.main          | SecureShield AI API starting up...
2026-03-20 17:51:46 | INFO     | secureshield.app.main          | Logging → file: logs/secureshield.log  |  DB: error_logs table
2026-03-20 17:51:46 | INFO     | secureshield.app.main          | Rate limiting: 100 req/min per IP
2026-03-20 17:51:46 | INFO     | secureshield.app.main          | ============================================================
2026-03-20 17:51:46 | INFO     | secureshield.app.main          | Startup cleanup: no error_log records older than 90 days found.
2026-03-20 18:08:52 | INFO     | secureshield.app.main          | SecureShield AI API shutting down.
2026-03-20 18:09:06 | INFO     | secureshield.app.main          | ============================================================
2026-03-20 18:09:06 | INFO     | secureshield.app.main          | SecureShield AI API starting up...
2026-03-20 18:09:06 | INFO     | secureshield.app.main          | Logging → file: logs/secureshield.log  |  DB: error_logs table
2026-03-20 18:09:06 | INFO     | secureshield.app.main          | Rate limiting: 100 req/min per IP
2026-03-20 18:09:06 | INFO     | secureshield.app.main          | ============================================================
2026-03-20 18:09:06 | INFO     | secureshield.app.main          | Startup cleanup: no error_log records older than 90 days found.
2026-03-20 18:18:58 | INFO     | secureshield.app.services.otp_service | OTP email sent to r*******i@gmail.com
2026-03-20 18:19:00 | INFO     | secureshield.app.services.otp_service | Twilio SMS sent to +91*******916 | SID: SM3a63d16e89abdfefea825510926ad9dc
2026-03-20 18:19:00 | INFO     | secureshield.app.routers.auth  | New user registered: 8e28c4e3-a43d-4e22-961b-e8278ca6007c, email: r*******i@gmail.com
2026-03-20 18:22:08 | INFO     | secureshield.app.services.otp_service | Twilio SMS sent to +91*******916 | SID: SMf7d49f998b97b3096bed07c69d629570
2026-03-20 18:22:08 | INFO     | secureshield.app.routers.auth  | OTP delivered via sms to +91*******916
2026-03-20 18:22:12 | INFO     | secureshield.app.services.otp_service | OTP email sent to r*******i@gmail.com
2026-03-20 18:22:12 | INFO     | secureshield.app.routers.auth  | OTP also delivered via email to secondary channel r*******i@gmail.com
2026-03-20 18:22:46 | INFO     | secureshield.app.main          | SecureShield AI API shutting down.
2026-03-20 19:32:01 | INFO     | secureshield.app.main          | ============================================================
2026-03-20 19:32:01 | INFO     | secureshield.app.main          | SecureShield AI API starting up...
2026-03-20 19:32:01 | INFO     | secureshield.app.main          | Logging → file: logs/secureshield.log  |  DB: error_logs table
2026-03-20 19:32:01 | INFO     | secureshield.app.main          | Rate limiting: 100 req/min per IP
2026-03-20 19:32:01 | INFO     | secureshield.app.main          | ============================================================
2026-03-20 19:32:01 | INFO     | secureshield.app.main          | Startup cleanup: no error_log records older than 90 days found.
2026-03-20 19:36:46 | INFO     | secureshield.app.services.otp_service | Twilio SMS sent to +91*******916 | SID: SM49708c79dde5a3e1b7842ebdf890369b
2026-03-20 19:36:46 | INFO     | secureshield.app.routers.auth  | OTP delivered via sms to +91*******916
2026-03-20 19:36:50 | INFO     | secureshield.app.services.otp_service | OTP email sent to r*******i@gmail.com
2026-03-20 19:36:50 | INFO     | secureshield.app.routers.auth  | OTP also delivered via email to secondary channel r*******i@gmail.com
2026-03-20 19:39:04 | INFO     | secureshield.app.main          | SecureShield AI API shutting down.
2026-04-03 20:46:30 | INFO     | secureshield.app.main          | ============================================================
2026-04-03 20:46:30 | INFO     | secureshield.app.main          | SecureShield AI API starting up...
2026-04-03 20:46:30 | INFO     | secureshield.app.main          | Logging → file: logs/secureshield.log  |  DB: error_logs table
2026-04-03 20:46:30 | INFO     | secureshield.app.main          | Rate limiting: 100 req/min per IP
2026-04-03 20:46:30 | INFO     | secureshield.app.main          | ============================================================
2026-04-03 20:46:30 | INFO     | secureshield.app.main          | Startup cleanup: no error_log records older than 90 days found.
2026-04-04 11:10:03 | INFO     | secureshield.app.main          | ============================================================
2026-04-04 11:10:03 | INFO     | secureshield.app.main          | SecureShield AI API starting up...
2026-04-04 11:10:03 | INFO     | secureshield.app.main          | Logging → file: logs/secureshield.log  |  DB: error_logs table
2026-04-04 11:10:03 | INFO     | secureshield.app.main          | Rate limiting: 100 req/min per IP
2026-04-04 11:10:03 | INFO     | secureshield.app.main          | ============================================================
2026-04-04 11:10:03 | INFO     | secureshield.app.main          | Startup cleanup: no error_log records older than 90 days found.
2026-04-04 20:11:13 | INFO     | secureshield.app.services.otp_service | Twilio SMS sent to +91*******916 | SID: SM6fd83c578cfcc1697f4eb8b48dc90fc2
2026-04-04 20:11:13 | INFO     | secureshield.app.routers.auth  | OTP delivered via sms to +91*******916
2026-04-04 20:11:18 | INFO     | secureshield.app.services.otp_service | OTP email sent to r*******i@gmail.com
2026-04-04 20:11:18 | INFO     | secureshield.app.routers.auth  | OTP also delivered via email to secondary channel r*******i@gmail.com
2026-04-04 20:12:34 | INFO     | secureshield.app.services.otp_service | OTP email sent to r*******i@gmail.com
2026-04-04 20:12:34 | INFO     | secureshield.app.routers.auth  | OTP delivered via email to r*******i@gmail.com
2026-04-04 20:12:35 | INFO     | secureshield.app.services.otp_service | Twilio SMS sent to +91*******916 | SID: SM7e74ea2459c6e00f9b5cce40ee43007a
2026-04-04 20:12:35 | INFO     | secureshield.app.routers.auth  | OTP also delivered via SMS to secondary channel +91*******916
2026-04-04 20:20:18 | INFO     | secureshield.app.main          | SecureShield AI API shutting down.
2026-04-04 20:27:54 | INFO     | secureshield.app.main          | ============================================================
2026-04-04 20:27:54 | INFO     | secureshield.app.main          | SecureShield AI API starting up...
2026-04-04 20:27:54 | INFO     | secureshield.app.main          | Logging → file: logs/secureshield.log  |  DB: error_logs table
2026-04-04 20:27:54 | INFO     | secureshield.app.main          | Rate limiting: 100 req/min per IP
2026-04-04 20:27:54 | INFO     | secureshield.app.main          | ============================================================
2026-04-04 20:27:54 | INFO     | secureshield.app.main          | Startup cleanup: no error_log records older than 90 days found.
2026-04-04 20:32:21 | INFO     | secureshield.app.services.otp_service | Twilio SMS sent to +91*******916 | SID: SM56913c8a3b6477cff3c8f76cd304fa99
2026-04-04 20:32:21 | INFO     | secureshield.app.routers.auth  | OTP delivered via sms to +91*******916
2026-04-04 20:32:28 | INFO     | secureshield.app.services.otp_service | OTP email sent to r*******i@gmail.com
2026-04-04 20:32:28 | INFO     | secureshield.app.routers.auth  | OTP also delivered via email to secondary channel r*******i@gmail.com
2026-04-04 20:32:40 | INFO     | secureshield.app.routers.auth  | User authenticated: 8e28c4e3-a43d-4e22-961b-e8278ca6007c via +91*******916
2026-04-04 20:32:40 | INFO     | secureshield.app.services.device_service | New device registered: user=8e28c4e3-a43d-4e22-961b-e8278ca6007c token=ea631fa8e8ac*** name='google sdk_gphone64_x86_64' platform=android
2026-04-04 20:32:46 | INFO     | secureshield.app.services.device_service | New-device alert sent to ravi***@*** for user 8e28c4e3-a43d-4e22-961b-e8278ca6007c | device='google sdk_gphone64_x86_64'
2026-04-04 20:45:32 | INFO     | secureshield.app.main          | SecureShield AI API shutting down.
2026-04-04 21:33:23 | INFO     | secureshield.app.main          | ============================================================
2026-04-04 21:33:23 | INFO     | secureshield.app.main          | SecureShield AI API starting up...
2026-04-04 21:33:23 | INFO     | secureshield.app.main          | Logging → file: logs/secureshield.log  |  DB: error_logs table
2026-04-04 21:33:23 | INFO     | secureshield.app.main          | Rate limiting: 100 req/min per IP
2026-04-04 21:33:23 | INFO     | secureshield.app.main          | ============================================================
2026-04-04 21:33:23 | INFO     | secureshield.app.main          | Startup cleanup: no error_log records older than 90 days found.
2026-04-04 21:42:01 | CRITICAL | secureshield./api/v1/reports/daily | Unhandled exception in request cycle — (sqlalchemy.dialects.postgresql.asyncpg.ProgrammingError) <class 'asyncpg.exceptions.UndefinedTableError'>: relation "behavior_events" does not exist
[SQL: SELECT behavior_events.id, behavior_events.user_id, behavior_events.event_type, behavior_events.risk_contribution, behavior_events.details, behavior_events.extra_data, behavior_events.occurred_at 
FROM behavior_events 
WHERE behavior_events.user_id = $1::UUID AND behavior_events.occurred_at >= $2::TIMESTAMP WITHOUT TIME ZONE AND behavior_events.occurred_at < $3::TIMESTAMP WITHOUT TIME ZONE]
[parameters: (UUID('8e28c4e3-a43d-4e22-961b-e8278ca6007c'), datetime.datetime(2026, 4, 4, 0, 0), datetime.datetime(2026, 4, 5, 0, 0))]
(Background on this error at: https://sqlalche.me/e/20/f405)
2026-04-04 21:42:01 | DEBUG    | secureshield./api/v1/reports/daily | Traceback:
Traceback (most recent call last):
  File "C:\Users\ravin\AppData\Local\Programs\Python\Python311\Lib\site-packages\sqlalchemy\dialects\postgresql\asyncpg.py", line 514, in _prepare_and_execute
    prepared_stmt, attributes = await adapt_connection._prepare(
                                ^^^^^^^^^^^^^^^^^^^^^^^^^^^^^^^^
  File "C:\Users\ravin\AppData\Local\Programs\Python\Python311\Lib\site-packages\sqlalchemy\dialects\postgresql\asyncpg.py", line 760, in _prepare
    prepared_stmt = await self._connection.prepare(
                    ^^^^^^^^^^^^^^^^^^^^^^^^^^^^^^^
  File "C:\Users\ravin\AppData\Local\Programs\Python\Python311\Lib\site-packages\asyncpg\connection.py", line 636, in prepare
    return await self._prepare(
           ^^^^^^^^^^^^^^^^^^^^
  File "C:\Users\ravin\AppData\Local\Programs\Python\Python311\Lib\site-packages\asyncpg\connection.py", line 654, in _prepare
    stmt = await self._get_statement(
           ^^^^^^^^^^^^^^^^^^^^^^^^^^
  File "C:\Users\ravin\AppData\Local\Programs\Python\Python311\Lib\site-packages\asyncpg\connection.py", line 433, in _get_statement
    statement = await self._protocol.prepare(
                ^^^^^^^^^^^^^^^^^^^^^^^^^^^^^
  File "asyncpg\protocol\protocol.pyx", line 166, in prepare
asyncpg.exceptions.UndefinedTableError: relation "behavior_events" does not exist

The above exception was the direct cause of the following exception:

Traceback (most recent call last):
  File "C:\Users\ravin\AppData\Local\Programs\Python\Python311\Lib\site-packages\sqlalchemy\engine\base.py", line 1967, in _exec_single_context
    self.dialect.do_execute(
  File "C:\Users\ravin\AppData\Local\Programs\Python\Python311\Lib\site-packages\sqlalchemy\engine\default.py", line 941, in do_execute
    cursor.execute(statement, parameters)
  File "C:\Users\ravin\AppData\Local\Programs\Python\Python311\Lib\site-packages\sqlalchemy\dialects\postgresql\asyncpg.py", line 572, in execute
    self._adapt_connection.await_(
  File "C:\Users\ravin\AppData\Local\Programs\Python\Python311\Lib\site-packages\sqlalchemy\util\_concurrency_py3k.py", line 132, in await_only
    return current.parent.switch(awaitable)  # type: ignore[no-any-return,attr-defined] # noqa: E501
           ^^^^^^^^^^^^^^^^^^^^^^^^^^^^^^^^
  File "C:\Users\ravin\AppData\Local\Programs\Python\Python311\Lib\site-packages\sqlalchemy\util\_concurrency_py3k.py", line 196, in greenlet_spawn
    value = await result
            ^^^^^^^^^^^^
  File "C:\Users\ravin\AppData\Local\Programs\Python\Python311\Lib\site-packages\sqlalchemy\dialects\postgresql\asyncpg.py", line 550, in _prepare_and_execute
    self._handle_exception(error)
  File "C:\Users\ravin\AppData\Local\Programs\Python\Python311\Lib\site-packages\sqlalchemy\dialects\postgresql\asyncpg.py", line 501, in _handle_exception
    self._adapt_connection._handle_exception(error)
  File "C:\Users\ravin\AppData\Local\Programs\Python\Python311\Lib\site-packages\sqlalchemy\dialects\postgresql\asyncpg.py", line 784, in _handle_exception
    raise translated_error from error
sqlalchemy.dialects.postgresql.asyncpg.AsyncAdapt_asyncpg_dbapi.ProgrammingError: <class 'asyncpg.exceptions.UndefinedTableError'>: relation "behavior_events" does not exist

The above exception was the direct cause of the following exception:

Traceback (most recent call last):
  File "D:\ravishori\SecureShieldApp\backend\app\middleware\error_handler.py", line 29, in dispatch
    response = await call_next(request)
               ^^^^^^^^^^^^^^^^^^^^^^^^
  File "C:\Users\ravin\AppData\Local\Programs\Python\Python311\Lib\site-packages\starlette\middleware\base.py", line 163, in call_next
    raise app_exc
  File "C:\Users\ravin\AppData\Local\Programs\Python\Python311\Lib\site-packages\starlette\middleware\base.py", line 149, in coro
    await self.app(scope, receive_or_disconnect, send_no_error)
  File "C:\Users\ravin\AppData\Local\Programs\Python\Python311\Lib\site-packages\starlette\middleware\exceptions.py", line 62, in __call__
    await wrap_app_handling_exceptions(self.app, conn)(scope, receive, send)
  File "C:\Users\ravin\AppData\Local\Programs\Python\Python311\Lib\site-packages\starlette\_exception_handler.py", line 62, in wrapped_app
    raise exc
  File "C:\Users\ravin\AppData\Local\Programs\Python\Python311\Lib\site-packages\starlette\_exception_handler.py", line 51, in wrapped_app
    await app(scope, receive, sender)
  File "C:\Users\ravin\AppData\Local\Programs\Python\Python311\Lib\site-packages\starlette\routing.py", line 715, in __call__
    await self.middleware_stack(scope, receive, send)
  File "C:\Users\ravin\AppData\Local\Programs\Python\Python311\Lib\site-packages\starlette\routing.py", line 735, in app
    await route.handle(scope, receive, send)
  File "C:\Users\ravin\AppData\Local\Programs\Python\Python311\Lib\site-packages\starlette\routing.py", line 288, in handle
    await self.app(scope, receive, send)
  File "C:\Users\ravin\AppData\Local\Programs\Python\Python311\Lib\site-packages\starlette\routing.py", line 76, in app
    await wrap_app_handling_exceptions(app, request)(scope, receive, send)
  File "C:\Users\ravin\AppData\Local\Programs\Python\Python311\Lib\site-packages\starlette\_exception_handler.py", line 62, in wrapped_app
    raise exc
  File "C:\Users\ravin\AppData\Local\Programs\Python\Python311\Lib\site-packages\starlette\_exception_handler.py", line 51, in wrapped_app
    await app(scope, receive, sender)
  File "C:\Users\ravin\AppData\Local\Programs\Python\Python311\Lib\site-packages\starlette\routing.py", line 73, in app
    response = await f(request)
               ^^^^^^^^^^^^^^^^
  File "C:\Users\ravin\AppData\Local\Programs\Python\Python311\Lib\site-packages\fastapi\routing.py", line 301, in app
    raw_response = await run_endpoint_function(
                   ^^^^^^^^^^^^^^^^^^^^^^^^^^^^
  File "C:\Users\ravin\AppData\Local\Programs\Python\Python311\Lib\site-packages\fastapi\routing.py", line 212, in run_endpoint_function
    return await dependant.call(**values)
           ^^^^^^^^^^^^^^^^^^^^^^^^^^^^^^
  File "D:\ravishori\SecureShieldApp\backend\app\routers\reports.py", line 140, in get_daily_report
    report = await generate_daily_report(current_user.id, today, db)
             ^^^^^^^^^^^^^^^^^^^^^^^^^^^^^^^^^^^^^^^^^^^^^^^^^^^^^^^
  File "D:\ravishori\SecureShieldApp\backend\app\routers\reports.py", line 63, in generate_daily_report
    behavior_result = await db.execute(
                      ^^^^^^^^^^^^^^^^^
  File "C:\Users\ravin\AppData\Local\Programs\Python\Python311\Lib\site-packages\sqlalchemy\ext\asyncio\session.py", line 461, in execute
    result = await greenlet_spawn(
             ^^^^^^^^^^^^^^^^^^^^^
  File "C:\Users\ravin\AppData\Local\Programs\Python\Python311\Lib\site-packages\sqlalchemy\util\_concurrency_py3k.py", line 201, in greenlet_spawn
    result = context.throw(*sys.exc_info())
             ^^^^^^^^^^^^^^^^^^^^^^^^^^^^^^
  File "C:\Users\ravin\AppData\Local\Programs\Python\Python311\Lib\site-packages\sqlalchemy\orm\session.py", line 2362, in execute
    return self._execute_internal(
           ^^^^^^^^^^^^^^^^^^^^^^^
  File "C:\Users\ravin\AppData\Local\Programs\Python\Python311\Lib\site-packages\sqlalchemy\orm\session.py", line 2247, in _execute_internal
    result: Result[Any] = compile_state_cls.orm_execute_statement(
                          ^^^^^^^^^^^^^^^^^^^^^^^^^^^^^^^^^^^^^^^^
  File "C:\Users\ravin\AppData\Local\Programs\Python\Python311\Lib\site-packages\sqlalchemy\orm\context.py", line 305, in orm_execute_statement
    result = conn.execute(
             ^^^^^^^^^^^^^
  File "C:\Users\ravin\AppData\Local\Programs\Python\Python311\Lib\site-packages\sqlalchemy\engine\base.py", line 1418, in execute
    return meth(
           ^^^^^
  File "C:\Users\ravin\AppData\Local\Programs\Python\Python311\Lib\site-packages\sqlalchemy\sql\elements.py", line 515, in _execute_on_connection
    return connection._execute_clauseelement(
           ^^^^^^^^^^^^^^^^^^^^^^^^^^^^^^^^^^
  File "C:\Users\ravin\AppData\Local\Programs\Python\Python311\Lib\site-packages\sqlalchemy\engine\base.py", line 1640, in _execute_clauseelement
    ret = self._execute_context(
          ^^^^^^^^^^^^^^^^^^^^^^
  File "C:\Users\ravin\AppData\Local\Programs\Python\Python311\Lib\site-packages\sqlalchemy\engine\base.py", line 1846, in _execute_context
    return self._exec_single_context(
           ^^^^^^^^^^^^^^^^^^^^^^^^^^
  File "C:\Users\ravin\AppData\Local\Programs\Python\Python311\Lib\site-packages\sqlalchemy\engine\base.py", line 1986, in _exec_single_context
    self._handle_dbapi_exception(
  File "C:\Users\ravin\AppData\Local\Programs\Python\Python311\Lib\site-packages\sqlalchemy\engine\base.py", line 2355, in _handle_dbapi_exception
    raise sqlalchemy_exception.with_traceback(exc_info[2]) from e
  File "C:\Users\ravin\AppData\Local\Programs\Python\Python311\Lib\site-packages\sqlalchemy\engine\base.py", line 1967, in _exec_single_context
    self.dialect.do_execute(
  File "C:\Users\ravin\AppData\Local\Programs\Python\Python311\Lib\site-packages\sqlalchemy\engine\default.py", line 941, in do_execute
    cursor.execute(statement, parameters)
  File "C:\Users\ravin\AppData\Local\Programs\Python\Python311\Lib\site-packages\sqlalchemy\dialects\postgresql\asyncpg.py", line 572, in execute
    self._adapt_connection.await_(
  File "C:\Users\ravin\AppData\Local\Programs\Python\Python311\Lib\site-packages\sqlalchemy\util\_concurrency_py3k.py", line 132, in await_only
    return current.parent.switch(awaitable)  # type: ignore[no-any-return,attr-defined] # noqa: E501
           ^^^^^^^^^^^^^^^^^^^^^^^^^^^^^^^^
  File "C:\Users\ravin\AppData\Local\Programs\Python\Python311\Lib\site-packages\sqlalchemy\util\_concurrency_py3k.py", line 196, in greenlet_spawn
    value = await result
            ^^^^^^^^^^^^
  File "C:\Users\ravin\AppData\Local\Programs\Python\Python311\Lib\site-packages\sqlalchemy\dialects\postgresql\asyncpg.py", line 550, in _prepare_and_execute
    self._handle_exception(error)
  File "C:\Users\ravin\AppData\Local\Programs\Python\Python311\Lib\site-packages\sqlalchemy\dialects\postgresql\asyncpg.py", line 501, in _handle_exception
    self._adapt_connection._handle_exception(error)
  File "C:\Users\ravin\AppData\Local\Programs\Python\Python311\Lib\site-packages\sqlalchemy\dialects\postgresql\asyncpg.py", line 784, in _handle_exception
    raise translated_error from error
sqlalchemy.exc.ProgrammingError: (sqlalchemy.dialects.postgresql.asyncpg.ProgrammingError) <class 'asyncpg.exceptions.UndefinedTableError'>: relation "behavior_events" does not exist
[SQL: SELECT behavior_events.id, behavior_events.user_id, behavior_events.event_type, behavior_events.risk_contribution, behavior_events.details, behavior_events.extra_data, behavior_events.occurred_at 
FROM behavior_events 
WHERE behavior_events.user_id = $1::UUID AND behavior_events.occurred_at >= $2::TIMESTAMP WITHOUT TIME ZONE AND behavior_events.occurred_at < $3::TIMESTAMP WITHOUT TIME ZONE]
[parameters: (UUID('8e28c4e3-a43d-4e22-961b-e8278ca6007c'), datetime.datetime(2026, 4, 4, 0, 0), datetime.datetime(2026, 4, 5, 0, 0))]
(Background on this error at: https://sqlalche.me/e/20/f405)

2026-04-04 21:42:06 | INFO     | secureshield                   | Error alert email sent → ravishori@gmail.com
2026-04-04 21:50:04 | CRITICAL | secureshield./api/v1/emergency-contacts | Unhandled exception in request cycle — (sqlalchemy.dialects.postgresql.asyncpg.ProgrammingError) <class 'asyncpg.exceptions.UndefinedTableError'>: relation "emergency_contacts" does not exist
[SQL: SELECT emergency_contacts.id, emergency_contacts.user_id, emergency_contacts.name, emergency_contacts.relationship, emergency_contacts.phone, emergency_contacts.email, emergency_contacts.created_at 
FROM emergency_contacts 
WHERE emergency_contacts.user_id = $1::UUID]
[parameters: (UUID('8e28c4e3-a43d-4e22-961b-e8278ca6007c'),)]
(Background on this error at: https://sqlalche.me/e/20/f405)
2026-04-04 21:50:04 | DEBUG    | secureshield./api/v1/emergency-contacts | Traceback:
Traceback (most recent call last):
  File "C:\Users\ravin\AppData\Local\Programs\Python\Python311\Lib\site-packages\sqlalchemy\dialects\postgresql\asyncpg.py", line 514, in _prepare_and_execute
    prepared_stmt, attributes = await adapt_connection._prepare(
                                ^^^^^^^^^^^^^^^^^^^^^^^^^^^^^^^^
  File "C:\Users\ravin\AppData\Local\Programs\Python\Python311\Lib\site-packages\sqlalchemy\dialects\postgresql\asyncpg.py", line 760, in _prepare
    prepared_stmt = await self._connection.prepare(
                    ^^^^^^^^^^^^^^^^^^^^^^^^^^^^^^^
  File "C:\Users\ravin\AppData\Local\Programs\Python\Python311\Lib\site-packages\asyncpg\connection.py", line 636, in prepare
    return await self._prepare(
           ^^^^^^^^^^^^^^^^^^^^
  File "C:\Users\ravin\AppData\Local\Programs\Python\Python311\Lib\site-packages\asyncpg\connection.py", line 654, in _prepare
    stmt = await self._get_statement(
           ^^^^^^^^^^^^^^^^^^^^^^^^^^
  File "C:\Users\ravin\AppData\Local\Programs\Python\Python311\Lib\site-packages\asyncpg\connection.py", line 433, in _get_statement
    statement = await self._protocol.prepare(
                ^^^^^^^^^^^^^^^^^^^^^^^^^^^^^
  File "asyncpg\protocol\protocol.pyx", line 166, in prepare
asyncpg.exceptions.UndefinedTableError: relation "emergency_contacts" does not exist

The above exception was the direct cause of the following exception:

Traceback (most recent call last):
  File "C:\Users\ravin\AppData\Local\Programs\Python\Python311\Lib\site-packages\sqlalchemy\engine\base.py", line 1967, in _exec_single_context
    self.dialect.do_execute(
  File "C:\Users\ravin\AppData\Local\Programs\Python\Python311\Lib\site-packages\sqlalchemy\engine\default.py", line 941, in do_execute
    cursor.execute(statement, parameters)
  File "C:\Users\ravin\AppData\Local\Programs\Python\Python311\Lib\site-packages\sqlalchemy\dialects\postgresql\asyncpg.py", line 572, in execute
    self._adapt_connection.await_(
  File "C:\Users\ravin\AppData\Local\Programs\Python\Python311\Lib\site-packages\sqlalchemy\util\_concurrency_py3k.py", line 132, in await_only
    return current.parent.switch(awaitable)  # type: ignore[no-any-return,attr-defined] # noqa: E501
           ^^^^^^^^^^^^^^^^^^^^^^^^^^^^^^^^
  File "C:\Users\ravin\AppData\Local\Programs\Python\Python311\Lib\site-packages\sqlalchemy\util\_concurrency_py3k.py", line 196, in greenlet_spawn
    value = await result
            ^^^^^^^^^^^^
  File "C:\Users\ravin\AppData\Local\Programs\Python\Python311\Lib\site-packages\sqlalchemy\dialects\postgresql\asyncpg.py", line 550, in _prepare_and_execute
    self._handle_exception(error)
  File "C:\Users\ravin\AppData\Local\Programs\Python\Python311\Lib\site-packages\sqlalchemy\dialects\postgresql\asyncpg.py", line 501, in _handle_exception
    self._adapt_connection._handle_exception(error)
  File "C:\Users\ravin\AppData\Local\Programs\Python\Python311\Lib\site-packages\sqlalchemy\dialects\postgresql\asyncpg.py", line 784, in _handle_exception
    raise translated_error from error
sqlalchemy.dialects.postgresql.asyncpg.AsyncAdapt_asyncpg_dbapi.ProgrammingError: <class 'asyncpg.exceptions.UndefinedTableError'>: relation "emergency_contacts" does not exist

The above exception was the direct cause of the following exception:

Traceback (most recent call last):
  File "D:\ravishori\SecureShieldApp\backend\app\middleware\error_handler.py", line 29, in dispatch
    response = await call_next(request)
               ^^^^^^^^^^^^^^^^^^^^^^^^
  File "C:\Users\ravin\AppData\Local\Programs\Python\Python311\Lib\site-packages\starlette\middleware\base.py", line 163, in call_next
    raise app_exc
  File "C:\Users\ravin\AppData\Local\Programs\Python\Python311\Lib\site-packages\starlette\middleware\base.py", line 149, in coro
    await self.app(scope, receive_or_disconnect, send_no_error)
  File "C:\Users\ravin\AppData\Local\Programs\Python\Python311\Lib\site-packages\starlette\middleware\exceptions.py", line 62, in __call__
    await wrap_app_handling_exceptions(self.app, conn)(scope, receive, send)
  File "C:\Users\ravin\AppData\Local\Programs\Python\Python311\Lib\site-packages\starlette\_exception_handler.py", line 62, in wrapped_app
    raise exc
  File "C:\Users\ravin\AppData\Local\Programs\Python\Python311\Lib\site-packages\starlette\_exception_handler.py", line 51, in wrapped_app
    await app(scope, receive, sender)
  File "C:\Users\ravin\AppData\Local\Programs\Python\Python311\Lib\site-packages\starlette\routing.py", line 715, in __call__
    await self.middleware_stack(scope, receive, send)
  File "C:\Users\ravin\AppData\Local\Programs\Python\Python311\Lib\site-packages\starlette\routing.py", line 735, in app
    await route.handle(scope, receive, send)
  File "C:\Users\ravin\AppData\Local\Programs\Python\Python311\Lib\site-packages\starlette\routing.py", line 288, in handle
    await self.app(scope, receive, send)
  File "C:\Users\ravin\AppData\Local\Programs\Python\Python311\Lib\site-packages\starlette\routing.py", line 76, in app
    await wrap_app_handling_exceptions(app, request)(scope, receive, send)
  File "C:\Users\ravin\AppData\Local\Programs\Python\Python311\Lib\site-packages\starlette\_exception_handler.py", line 62, in wrapped_app
    raise exc
  File "C:\Users\ravin\AppData\Local\Programs\Python\Python311\Lib\site-packages\starlette\_exception_handler.py", line 51, in wrapped_app
    await app(scope, receive, sender)
  File "C:\Users\ravin\AppData\Local\Programs\Python\Python311\Lib\site-packages\starlette\routing.py", line 73, in app
    response = await f(request)
               ^^^^^^^^^^^^^^^^
  File "C:\Users\ravin\AppData\Local\Programs\Python\Python311\Lib\site-packages\fastapi\routing.py", line 301, in app
    raw_response = await run_endpoint_function(
                   ^^^^^^^^^^^^^^^^^^^^^^^^^^^^
  File "C:\Users\ravin\AppData\Local\Programs\Python\Python311\Lib\site-packages\fastapi\routing.py", line 212, in run_endpoint_function
    return await dependant.call(**values)
           ^^^^^^^^^^^^^^^^^^^^^^^^^^^^^^
  File "D:\ravishori\SecureShieldApp\backend\app\routers\emergency_contacts.py", line 21, in list_contacts
    result = await db.execute(
             ^^^^^^^^^^^^^^^^^
  File "C:\Users\ravin\AppData\Local\Programs\Python\Python311\Lib\site-packages\sqlalchemy\ext\asyncio\session.py", line 461, in execute
    result = await greenlet_spawn(
             ^^^^^^^^^^^^^^^^^^^^^
  File "C:\Users\ravin\AppData\Local\Programs\Python\Python311\Lib\site-packages\sqlalchemy\util\_concurrency_py3k.py", line 201, in greenlet_spawn
    result = context.throw(*sys.exc_info())
             ^^^^^^^^^^^^^^^^^^^^^^^^^^^^^^
  File "C:\Users\ravin\AppData\Local\Programs\Python\Python311\Lib\site-packages\sqlalchemy\orm\session.py", line 2362, in execute
    return self._execute_internal(
           ^^^^^^^^^^^^^^^^^^^^^^^
  File "C:\Users\ravin\AppData\Local\Programs\Python\Python311\Lib\site-packages\sqlalchemy\orm\session.py", line 2247, in _execute_internal
    result: Result[Any] = compile_state_cls.orm_execute_statement(
                          ^^^^^^^^^^^^^^^^^^^^^^^^^^^^^^^^^^^^^^^^
  File "C:\Users\ravin\AppData\Local\Programs\Python\Python311\Lib\site-packages\sqlalchemy\orm\context.py", line 305, in orm_execute_statement
    result = conn.execute(
             ^^^^^^^^^^^^^
  File "C:\Users\ravin\AppData\Local\Programs\Python\Python311\Lib\site-packages\sqlalchemy\engine\base.py", line 1418, in execute
    return meth(
           ^^^^^
  File "C:\Users\ravin\AppData\Local\Programs\Python\Python311\Lib\site-packages\sqlalchemy\sql\elements.py", line 515, in _execute_on_connection
    return connection._execute_clauseelement(
           ^^^^^^^^^^^^^^^^^^^^^^^^^^^^^^^^^^
  File "C:\Users\ravin\AppData\Local\Programs\Python\Python311\Lib\site-packages\sqlalchemy\engine\base.py", line 1640, in _execute_clauseelement
    ret = self._execute_context(
          ^^^^^^^^^^^^^^^^^^^^^^
  File "C:\Users\ravin\AppData\Local\Programs\Python\Python311\Lib\site-packages\sqlalchemy\engine\base.py", line 1846, in _execute_context
    return self._exec_single_context(
           ^^^^^^^^^^^^^^^^^^^^^^^^^^
  File "C:\Users\ravin\AppData\Local\Programs\Python\Python311\Lib\site-packages\sqlalchemy\engine\base.py", line 1986, in _exec_single_context
    self._handle_dbapi_exception(
  File "C:\Users\ravin\AppData\Local\Programs\Python\Python311\Lib\site-packages\sqlalchemy\engine\base.py", line 2355, in _handle_dbapi_exception
    raise sqlalchemy_exception.with_traceback(exc_info[2]) from e
  File "C:\Users\ravin\AppData\Local\Programs\Python\Python311\Lib\site-packages\sqlalchemy\engine\base.py", line 1967, in _exec_single_context
    self.dialect.do_execute(
  File "C:\Users\ravin\AppData\Local\Programs\Python\Python311\Lib\site-packages\sqlalchemy\engine\default.py", line 941, in do_execute
    cursor.execute(statement, parameters)
  File "C:\Users\ravin\AppData\Local\Programs\Python\Python311\Lib\site-packages\sqlalchemy\dialects\postgresql\asyncpg.py", line 572, in execute
    self._adapt_connection.await_(
  File "C:\Users\ravin\AppData\Local\Programs\Python\Python311\Lib\site-packages\sqlalchemy\util\_concurrency_py3k.py", line 132, in await_only
    return current.parent.switch(awaitable)  # type: ignore[no-any-return,attr-defined] # noqa: E501
           ^^^^^^^^^^^^^^^^^^^^^^^^^^^^^^^^
  File "C:\Users\ravin\AppData\Local\Programs\Python\Python311\Lib\site-packages\sqlalchemy\util\_concurrency_py3k.py", line 196, in greenlet_spawn
    value = await result
            ^^^^^^^^^^^^
  File "C:\Users\ravin\AppData\Local\Programs\Python\Python311\Lib\site-packages\sqlalchemy\dialects\postgresql\asyncpg.py", line 550, in _prepare_and_execute
    self._handle_exception(error)
  File "C:\Users\ravin\AppData\Local\Programs\Python\Python311\Lib\site-packages\sqlalchemy\dialects\postgresql\asyncpg.py", line 501, in _handle_exception
    self._adapt_connection._handle_exception(error)
  File "C:\Users\ravin\AppData\Local\Programs\Python\Python311\Lib\site-packages\sqlalchemy\dialects\postgresql\asyncpg.py", line 784, in _handle_exception
    raise translated_error from error
sqlalchemy.exc.ProgrammingError: (sqlalchemy.dialects.postgresql.asyncpg.ProgrammingError) <class 'asyncpg.exceptions.UndefinedTableError'>: relation "emergency_contacts" does not exist
[SQL: SELECT emergency_contacts.id, emergency_contacts.user_id, emergency_contacts.name, emergency_contacts.relationship, emergency_contacts.phone, emergency_contacts.email, emergency_contacts.created_at 
FROM emergency_contacts 
WHERE emergency_contacts.user_id = $1::UUID]
[parameters: (UUID('8e28c4e3-a43d-4e22-961b-e8278ca6007c'),)]
(Background on this error at: https://sqlalche.me/e/20/f405)

2026-04-04 21:50:09 | INFO     | secureshield                   | Error alert email sent → ravishori@gmail.com
2026-04-04 21:50:37 | CRITICAL | secureshield./api/v1/emergency-contacts | Unhandled exception in request cycle — (sqlalchemy.dialects.postgresql.asyncpg.ProgrammingError) <class 'asyncpg.exceptions.UndefinedTableError'>: relation "emergency_contacts" does not exist
[SQL: INSERT INTO emergency_contacts (id, user_id, name, relationship, phone, email, created_at) VALUES ($1::UUID, $2::UUID, $3::VARCHAR, $4::VARCHAR, $5::VARCHAR, $6::VARCHAR, $7::TIMESTAMP WITHOUT TIME ZONE)]
[parameters: (UUID('8665a83e-8f43-414f-8f49-c7a54aed42f4'), UUID('8e28c4e3-a43d-4e22-961b-e8278ca6007c'), 'Surendrakumar shori', 'dad', '8898051888', 'skshori@gmail.com', datetime.datetime(2026, 4, 4, 16, 20, 37, 747395))]
(Background on this error at: https://sqlalche.me/e/20/f405)
2026-04-04 21:50:37 | DEBUG    | secureshield./api/v1/emergency-contacts | Traceback:
Traceback (most recent call last):
  File "C:\Users\ravin\AppData\Local\Programs\Python\Python311\Lib\site-packages\sqlalchemy\dialects\postgresql\asyncpg.py", line 514, in _prepare_and_execute
    prepared_stmt, attributes = await adapt_connection._prepare(
                                ^^^^^^^^^^^^^^^^^^^^^^^^^^^^^^^^
  File "C:\Users\ravin\AppData\Local\Programs\Python\Python311\Lib\site-packages\sqlalchemy\dialects\postgresql\asyncpg.py", line 760, in _prepare
    prepared_stmt = await self._connection.prepare(
                    ^^^^^^^^^^^^^^^^^^^^^^^^^^^^^^^
  File "C:\Users\ravin\AppData\Local\Programs\Python\Python311\Lib\site-packages\asyncpg\connection.py", line 636, in prepare
    return await self._prepare(
           ^^^^^^^^^^^^^^^^^^^^
  File "C:\Users\ravin\AppData\Local\Programs\Python\Python311\Lib\site-packages\asyncpg\connection.py", line 654, in _prepare
    stmt = await self._get_statement(
           ^^^^^^^^^^^^^^^^^^^^^^^^^^
  File "C:\Users\ravin\AppData\Local\Programs\Python\Python311\Lib\site-packages\asyncpg\connection.py", line 433, in _get_statement
    statement = await self._protocol.prepare(
                ^^^^^^^^^^^^^^^^^^^^^^^^^^^^^
  File "asyncpg\protocol\protocol.pyx", line 166, in prepare
asyncpg.exceptions.UndefinedTableError: relation "emergency_contacts" does not exist

The above exception was the direct cause of the following exception:

Traceback (most recent call last):
  File "C:\Users\ravin\AppData\Local\Programs\Python\Python311\Lib\site-packages\sqlalchemy\engine\base.py", line 1967, in _exec_single_context
    self.dialect.do_execute(
  File "C:\Users\ravin\AppData\Local\Programs\Python\Python311\Lib\site-packages\sqlalchemy\engine\default.py", line 941, in do_execute
    cursor.execute(statement, parameters)
  File "C:\Users\ravin\AppData\Local\Programs\Python\Python311\Lib\site-packages\sqlalchemy\dialects\postgresql\asyncpg.py", line 572, in execute
    self._adapt_connection.await_(
  File "C:\Users\ravin\AppData\Local\Programs\Python\Python311\Lib\site-packages\sqlalchemy\util\_concurrency_py3k.py", line 132, in await_only
    return current.parent.switch(awaitable)  # type: ignore[no-any-return,attr-defined] # noqa: E501
           ^^^^^^^^^^^^^^^^^^^^^^^^^^^^^^^^
  File "C:\Users\ravin\AppData\Local\Programs\Python\Python311\Lib\site-packages\sqlalchemy\util\_concurrency_py3k.py", line 196, in greenlet_spawn
    value = await result
            ^^^^^^^^^^^^
  File "C:\Users\ravin\AppData\Local\Programs\Python\Python311\Lib\site-packages\sqlalchemy\dialects\postgresql\asyncpg.py", line 550, in _prepare_and_execute
    self._handle_exception(error)
  File "C:\Users\ravin\AppData\Local\Programs\Python\Python311\Lib\site-packages\sqlalchemy\dialects\postgresql\asyncpg.py", line 501, in _handle_exception
    self._adapt_connection._handle_exception(error)
  File "C:\Users\ravin\AppData\Local\Programs\Python\Python311\Lib\site-packages\sqlalchemy\dialects\postgresql\asyncpg.py", line 784, in _handle_exception
    raise translated_error from error
sqlalchemy.dialects.postgresql.asyncpg.AsyncAdapt_asyncpg_dbapi.ProgrammingError: <class 'asyncpg.exceptions.UndefinedTableError'>: relation "emergency_contacts" does not exist

The above exception was the direct cause of the following exception:

Traceback (most recent call last):
  File "D:\ravishori\SecureShieldApp\backend\app\middleware\error_handler.py", line 29, in dispatch
    response = await call_next(request)
               ^^^^^^^^^^^^^^^^^^^^^^^^
  File "C:\Users\ravin\AppData\Local\Programs\Python\Python311\Lib\site-packages\starlette\middleware\base.py", line 163, in call_next
    raise app_exc
  File "C:\Users\ravin\AppData\Local\Programs\Python\Python311\Lib\site-packages\starlette\middleware\base.py", line 149, in coro
    await self.app(scope, receive_or_disconnect, send_no_error)
  File "C:\Users\ravin\AppData\Local\Programs\Python\Python311\Lib\site-packages\starlette\middleware\exceptions.py", line 62, in __call__
    await wrap_app_handling_exceptions(self.app, conn)(scope, receive, send)
  File "C:\Users\ravin\AppData\Local\Programs\Python\Python311\Lib\site-packages\starlette\_exception_handler.py", line 62, in wrapped_app
    raise exc
  File "C:\Users\ravin\AppData\Local\Programs\Python\Python311\Lib\site-packages\starlette\_exception_handler.py", line 51, in wrapped_app
    await app(scope, receive, sender)
  File "C:\Users\ravin\AppData\Local\Programs\Python\Python311\Lib\site-packages\starlette\routing.py", line 715, in __call__
    await self.middleware_stack(scope, receive, send)
  File "C:\Users\ravin\AppData\Local\Programs\Python\Python311\Lib\site-packages\starlette\routing.py", line 735, in app
    await route.handle(scope, receive, send)
  File "C:\Users\ravin\AppData\Local\Programs\Python\Python311\Lib\site-packages\starlette\routing.py", line 288, in handle
    await self.app(scope, receive, send)
  File "C:\Users\ravin\AppData\Local\Programs\Python\Python311\Lib\site-packages\starlette\routing.py", line 76, in app
    await wrap_app_handling_exceptions(app, request)(scope, receive, send)
  File "C:\Users\ravin\AppData\Local\Programs\Python\Python311\Lib\site-packages\starlette\_exception_handler.py", line 62, in wrapped_app
    raise exc
  File "C:\Users\ravin\AppData\Local\Programs\Python\Python311\Lib\site-packages\starlette\_exception_handler.py", line 51, in wrapped_app
    await app(scope, receive, sender)
  File "C:\Users\ravin\AppData\Local\Programs\Python\Python311\Lib\site-packages\starlette\routing.py", line 73, in app
    response = await f(request)
               ^^^^^^^^^^^^^^^^
  File "C:\Users\ravin\AppData\Local\Programs\Python\Python311\Lib\site-packages\fastapi\routing.py", line 301, in app
    raw_response = await run_endpoint_function(
                   ^^^^^^^^^^^^^^^^^^^^^^^^^^^^
  File "C:\Users\ravin\AppData\Local\Programs\Python\Python311\Lib\site-packages\fastapi\routing.py", line 212, in run_endpoint_function
    return await dependant.call(**values)
           ^^^^^^^^^^^^^^^^^^^^^^^^^^^^^^
  File "D:\ravishori\SecureShieldApp\backend\app\routers\emergency_contacts.py", line 41, in add_contact
    await db.commit()
  File "C:\Users\ravin\AppData\Local\Programs\Python\Python311\Lib\site-packages\sqlalchemy\ext\asyncio\session.py", line 1009, in commit
    await greenlet_spawn(self.sync_session.commit)
  File "C:\Users\ravin\AppData\Local\Programs\Python\Python311\Lib\site-packages\sqlalchemy\util\_concurrency_py3k.py", line 203, in greenlet_spawn
    result = context.switch(value)
             ^^^^^^^^^^^^^^^^^^^^^
  File "C:\Users\ravin\AppData\Local\Programs\Python\Python311\Lib\site-packages\sqlalchemy\orm\session.py", line 2028, in commit
    trans.commit(_to_root=True)
  File "<string>", line 2, in commit
  File "C:\Users\ravin\AppData\Local\Programs\Python\Python311\Lib\site-packages\sqlalchemy\orm\state_changes.py", line 139, in _go
    ret_value = fn(self, *arg, **kw)
                ^^^^^^^^^^^^^^^^^^^^
  File "C:\Users\ravin\AppData\Local\Programs\Python\Python311\Lib\site-packages\sqlalchemy\orm\session.py", line 1313, in commit
    self._prepare_impl()
  File "<string>", line 2, in _prepare_impl
  File "C:\Users\ravin\AppData\Local\Programs\Python\Python311\Lib\site-packages\sqlalchemy\orm\state_changes.py", line 139, in _go
    ret_value = fn(self, *arg, **kw)
                ^^^^^^^^^^^^^^^^^^^^
  File "C:\Users\ravin\AppData\Local\Programs\Python\Python311\Lib\site-packages\sqlalchemy\orm\session.py", line 1288, in _prepare_impl
    self.session.flush()
  File "C:\Users\ravin\AppData\Local\Programs\Python\Python311\Lib\site-packages\sqlalchemy\orm\session.py", line 4352, in flush
    self._flush(objects)
  File "C:\Users\ravin\AppData\Local\Programs\Python\Python311\Lib\site-packages\sqlalchemy\orm\session.py", line 4487, in _flush
    with util.safe_reraise():
  File "C:\Users\ravin\AppData\Local\Programs\Python\Python311\Lib\site-packages\sqlalchemy\util\langhelpers.py", line 146, in __exit__
    raise exc_value.with_traceback(exc_tb)
  File "C:\Users\ravin\AppData\Local\Programs\Python\Python311\Lib\site-packages\sqlalchemy\orm\session.py", line 4448, in _flush
    flush_context.execute()
  File "C:\Users\ravin\AppData\Local\Programs\Python\Python311\Lib\site-packages\sqlalchemy\orm\unitofwork.py", line 466, in execute
    rec.execute(self)
  File "C:\Users\ravin\AppData\Local\Programs\Python\Python311\Lib\site-packages\sqlalchemy\orm\unitofwork.py", line 642, in execute
    util.preloaded.orm_persistence.save_obj(
  File "C:\Users\ravin\AppData\Local\Programs\Python\Python311\Lib\site-packages\sqlalchemy\orm\persistence.py", line 93, in save_obj
    _emit_insert_statements(
  File "C:\Users\ravin\AppData\Local\Programs\Python\Python311\Lib\site-packages\sqlalchemy\orm\persistence.py", line 1233, in _emit_insert_statements
    result = connection.execute(
             ^^^^^^^^^^^^^^^^^^^
  File "C:\Users\ravin\AppData\Local\Programs\Python\Python311\Lib\site-packages\sqlalchemy\engine\base.py", line 1418, in execute
    return meth(
           ^^^^^
  File "C:\Users\ravin\AppData\Local\Programs\Python\Python311\Lib\site-packages\sqlalchemy\sql\elements.py", line 515, in _execute_on_connection
    return connection._execute_clauseelement(
           ^^^^^^^^^^^^^^^^^^^^^^^^^^^^^^^^^^
  File "C:\Users\ravin\AppData\Local\Programs\Python\Python311\Lib\site-packages\sqlalchemy\engine\base.py", line 1640, in _execute_clauseelement
    ret = self._execute_context(
          ^^^^^^^^^^^^^^^^^^^^^^
  File "C:\Users\ravin\AppData\Local\Programs\Python\Python311\Lib\site-packages\sqlalchemy\engine\base.py", line 1846, in _execute_context
    return self._exec_single_context(
           ^^^^^^^^^^^^^^^^^^^^^^^^^^
  File "C:\Users\ravin\AppData\Local\Programs\Python\Python311\Lib\site-packages\sqlalchemy\engine\base.py", line 1986, in _exec_single_context
    self._handle_dbapi_exception(
  File "C:\Users\ravin\AppData\Local\Programs\Python\Python311\Lib\site-packages\sqlalchemy\engine\base.py", line 2355, in _handle_dbapi_exception
    raise sqlalchemy_exception.with_traceback(exc_info[2]) from e
  File "C:\Users\ravin\AppData\Local\Programs\Python\Python311\Lib\site-packages\sqlalchemy\engine\base.py", line 1967, in _exec_single_context
    self.dialect.do_execute(
  File "C:\Users\ravin\AppData\Local\Programs\Python\Python311\Lib\site-packages\sqlalchemy\engine\default.py", line 941, in do_execute
    cursor.execute(statement, parameters)
  File "C:\Users\ravin\AppData\Local\Programs\Python\Python311\Lib\site-packages\sqlalchemy\dialects\postgresql\asyncpg.py", line 572, in execute
    self._adapt_connection.await_(
  File "C:\Users\ravin\AppData\Local\Programs\Python\Python311\Lib\site-packages\sqlalchemy\util\_concurrency_py3k.py", line 132, in await_only
    return current.parent.switch(awaitable)  # type: ignore[no-any-return,attr-defined] # noqa: E501
           ^^^^^^^^^^^^^^^^^^^^^^^^^^^^^^^^
  File "C:\Users\ravin\AppData\Local\Programs\Python\Python311\Lib\site-packages\sqlalchemy\util\_concurrency_py3k.py", line 196, in greenlet_spawn
    value = await result
            ^^^^^^^^^^^^
  File "C:\Users\ravin\AppData\Local\Programs\Python\Python311\Lib\site-packages\sqlalchemy\dialects\postgresql\asyncpg.py", line 550, in _prepare_and_execute
    self._handle_exception(error)
  File "C:\Users\ravin\AppData\Local\Programs\Python\Python311\Lib\site-packages\sqlalchemy\dialects\postgresql\asyncpg.py", line 501, in _handle_exception
    self._adapt_connection._handle_exception(error)
  File "C:\Users\ravin\AppData\Local\Programs\Python\Python311\Lib\site-packages\sqlalchemy\dialects\postgresql\asyncpg.py", line 784, in _handle_exception
    raise translated_error from error
sqlalchemy.exc.ProgrammingError: (sqlalchemy.dialects.postgresql.asyncpg.ProgrammingError) <class 'asyncpg.exceptions.UndefinedTableError'>: relation "emergency_contacts" does not exist
[SQL: INSERT INTO emergency_contacts (id, user_id, name, relationship, phone, email, created_at) VALUES ($1::UUID, $2::UUID, $3::VARCHAR, $4::VARCHAR, $5::VARCHAR, $6::VARCHAR, $7::TIMESTAMP WITHOUT TIME ZONE)]
[parameters: (UUID('8665a83e-8f43-414f-8f49-c7a54aed42f4'), UUID('8e28c4e3-a43d-4e22-961b-e8278ca6007c'), 'Surendrakumar shori', 'dad', '8898051888', 'skshori@gmail.com', datetime.datetime(2026, 4, 4, 16, 20, 37, 747395))]
(Background on this error at: https://sqlalche.me/e/20/f405)

2026-04-04 21:50:42 | INFO     | secureshield                   | Error alert email sent → ravishori@gmail.com
2026-04-04 21:55:43 | INFO     | secureshield.app.main          | SecureShield AI API shutting down.
2026-04-04 21:55:45 | INFO     | secureshield.app.main          | ============================================================
2026-04-04 21:55:45 | INFO     | secureshield.app.main          | SecureShield AI API starting up...
2026-04-04 21:55:45 | INFO     | secureshield.app.main          | Logging → file: logs/secureshield.log  |  DB: error_logs table
2026-04-04 21:55:45 | INFO     | secureshield.app.main          | Rate limiting: 100 req/min per IP
2026-04-04 21:55:45 | INFO     | secureshield.app.main          | ============================================================
2026-04-04 21:55:45 | INFO     | secureshield.app.main          | Startup cleanup: no error_log records older than 90 days found.
2026-04-04 22:13:31 | INFO     | secureshield.app.main          | SecureShield AI API shutting down.
2026-04-29 09:45:05 | INFO     | secureshield.app.main          | ============================================================
2026-04-29 09:45:05 | INFO     | secureshield.app.main          | SecureShield AI API starting up...
2026-04-29 09:45:05 | INFO     | secureshield.app.main          | Logging → file: logs/secureshield.log  |  DB: error_logs table
2026-04-29 09:45:05 | INFO     | secureshield.app.main          | Rate limiting: 100 req/min per IP
2026-04-29 09:45:05 | INFO     | secureshield.app.main          | ============================================================
2026-04-29 09:45:05 | INFO     | secureshield.app.main          | Startup cleanup: no error_log records older than 90 days found.
2026-04-29 12:48:07 | INFO     | secureshield.app.services.otp_service | Twilio SMS sent to +91*******916 | SID: SM081011e262e0a0add11cb9516da709f1
2026-04-29 12:48:07 | INFO     | secureshield.app.routers.auth  | OTP delivered via sms to +91*******916
2026-04-29 12:48:12 | INFO     | secureshield.app.services.otp_service | OTP email sent to r*******i@gmail.com
2026-04-29 12:48:12 | INFO     | secureshield.app.routers.auth  | OTP also delivered via email to secondary channel r*******i@gmail.com
2026-04-29 12:51:27 | INFO     | secureshield.app.services.otp_service | Twilio SMS sent to +91*******916 | SID: SMc703a64f40af0063b91e3c7fb18d3486
2026-04-29 12:51:27 | INFO     | secureshield.app.routers.auth  | OTP delivered via sms to +91*******916
2026-04-29 12:51:31 | INFO     | secureshield.app.services.otp_service | OTP email sent to r*******i@gmail.com
2026-04-29 12:51:31 | INFO     | secureshield.app.routers.auth  | OTP also delivered via email to secondary channel r*******i@gmail.com
2026-04-29 12:51:55 | INFO     | secureshield.app.routers.auth  | User authenticated: 8e28c4e3-a43d-4e22-961b-e8278ca6007c via +91*******916
2026-04-29 12:51:55 | INFO     | secureshield.app.services.device_service | Device updated: user=8e28c4e3-a43d-4e22-961b-e8278ca6007c token=ea631fa8e8ac*** name='google sdk_gphone64_x86_64'
2026-04-29 13:54:40 | INFO     | secureshield.app.main          | SecureShield AI API shutting down.
2026-04-29 13:54:42 | INFO     | secureshield.app.main          | ============================================================
2026-04-29 13:54:42 | INFO     | secureshield.app.main          | SecureShield AI API starting up...
2026-04-29 13:54:42 | INFO     | secureshield.app.main          | Logging → file: logs/secureshield.log  |  DB: error_logs table
2026-04-29 13:54:42 | INFO     | secureshield.app.main          | Rate limiting: 100 req/min per IP
2026-04-29 13:54:42 | INFO     | secureshield.app.main          | ============================================================
2026-04-29 13:54:42 | INFO     | secureshield.app.main          | Startup cleanup: no error_log records older than 90 days found.
2026-04-29 14:14:24 | WARNING  | secureshield./api/v1/auth/me   | HTTP 403: Not authenticated
2026-04-29 14:31:50 | INFO     | secureshield.app.services.otp_service | OTP email sent to s*****i@gmail.com
2026-04-29 14:31:52 | INFO     | secureshield.app.services.otp_service | Twilio SMS sent to +91*******888 | SID: SM4db322ac79bd38a178ff0b736d8150f8
2026-04-29 14:31:52 | INFO     | secureshield.app.routers.auth  | New user registered: 17983653-1d3d-4e8c-96ed-56c74dabb484, email: s*****i@gmail.com
2026-04-29 14:32:14 | INFO     | secureshield.app.routers.auth  | User authenticated: 17983653-1d3d-4e8c-96ed-56c74dabb484 via s*****i@gmail.com
2026-04-29 14:32:14 | INFO     | secureshield.app.services.device_service | New device registered: user=17983653-1d3d-4e8c-96ed-56c74dabb484 token=0c015804db6a*** name='Redmi 22111317I' platform=android
2026-04-29 14:32:18 | INFO     | secureshield.app.services.device_service | New-device alert sent to sksh***@*** for user 17983653-1d3d-4e8c-96ed-56c74dabb484 | device='Redmi 22111317I'
2026-04-29 14:36:43 | CRITICAL | secureshield./api/v1/wifi/scan | Unhandled exception in request cycle — (sqlalchemy.dialects.postgresql.asyncpg.IntegrityError) <class 'asyncpg.exceptions.ForeignKeyViolationError'>: insert or update on table "wifi_scans" violates foreign key constraint "wifi_scans_device_id_fkey"
DETAIL:  Key (device_id)=(00000000-0000-0000-0000-000000000001) is not present in table "devices".
[SQL: INSERT INTO wifi_scans (id, device_id, ssid, bssid, signal_strength, encryption_type, is_open, is_suspicious, risk_level, risk_reasons, scanned_at) VALUES ($1::UUID, $2::UUID, $3::VARCHAR, $4::VARCHAR, $5::INTEGER, $6::VARCHAR, $7::BOOLEAN, $8::BOOLEAN, $9::VARCHAR, $10::JSONB, $11::TIMESTAMP WITHOUT TIME ZONE)]
[parameters: (UUID('7ffb9eca-51b9-4b80-a74e-690ec391a10e'), UUID('00000000-0000-0000-0000-000000000001'), None, None, None, 'WPA2', False, False, 'safe', '[]', datetime.datetime(2026, 4, 29, 9, 6, 43, 308195))]
(Background on this error at: https://sqlalche.me/e/20/gkpj)
2026-04-29 14:36:43 | DEBUG    | secureshield./api/v1/wifi/scan | Traceback:
Traceback (most recent call last):
  File "C:\Users\ravin\AppData\Local\Programs\Python\Python311\Lib\site-packages\sqlalchemy\dialects\postgresql\asyncpg.py", line 534, in _prepare_and_execute
    self._rows = deque(await prepared_stmt.fetch(*parameters))
                       ^^^^^^^^^^^^^^^^^^^^^^^^^^^^^^^^^^^^^^
  File "C:\Users\ravin\AppData\Local\Programs\Python\Python311\Lib\site-packages\asyncpg\prepared_stmt.py", line 176, in fetch
    data = await self.__bind_execute(args, 0, timeout)
           ^^^^^^^^^^^^^^^^^^^^^^^^^^^^^^^^^^^^^^^^^^^
  File "C:\Users\ravin\AppData\Local\Programs\Python\Python311\Lib\site-packages\asyncpg\prepared_stmt.py", line 241, in __bind_execute
    data, status, _ = await self.__do_execute(
                      ^^^^^^^^^^^^^^^^^^^^^^^^
  File "C:\Users\ravin\AppData\Local\Programs\Python\Python311\Lib\site-packages\asyncpg\prepared_stmt.py", line 230, in __do_execute
    return await executor(protocol)
           ^^^^^^^^^^^^^^^^^^^^^^^^
  File "asyncpg\protocol\protocol.pyx", line 207, in bind_execute
asyncpg.exceptions.ForeignKeyViolationError: insert or update on table "wifi_scans" violates foreign key constraint "wifi_scans_device_id_fkey"
DETAIL:  Key (device_id)=(00000000-0000-0000-0000-000000000001) is not present in table "devices".

The above exception was the direct cause of the following exception:

Traceback (most recent call last):
  File "C:\Users\ravin\AppData\Local\Programs\Python\Python311\Lib\site-packages\sqlalchemy\engine\base.py", line 1967, in _exec_single_context
    self.dialect.do_execute(
  File "C:\Users\ravin\AppData\Local\Programs\Python\Python311\Lib\site-packages\sqlalchemy\engine\default.py", line 941, in do_execute
    cursor.execute(statement, parameters)
  File "C:\Users\ravin\AppData\Local\Programs\Python\Python311\Lib\site-packages\sqlalchemy\dialects\postgresql\asyncpg.py", line 568, in execute
    self._adapt_connection.await_(
  File "C:\Users\ravin\AppData\Local\Programs\Python\Python311\Lib\site-packages\sqlalchemy\util\_concurrency_py3k.py", line 132, in await_only
    return current.parent.switch(awaitable)  # type: ignore[no-any-return,attr-defined] # noqa: E501
           ^^^^^^^^^^^^^^^^^^^^^^^^^^^^^^^^
  File "C:\Users\ravin\AppData\Local\Programs\Python\Python311\Lib\site-packages\sqlalchemy\util\_concurrency_py3k.py", line 196, in greenlet_spawn
    value = await result
            ^^^^^^^^^^^^
  File "C:\Users\ravin\AppData\Local\Programs\Python\Python311\Lib\site-packages\sqlalchemy\dialects\postgresql\asyncpg.py", line 546, in _prepare_and_execute
    self._handle_exception(error)
  File "C:\Users\ravin\AppData\Local\Programs\Python\Python311\Lib\site-packages\sqlalchemy\dialects\postgresql\asyncpg.py", line 497, in _handle_exception
    self._adapt_connection._handle_exception(error)
  File "C:\Users\ravin\AppData\Local\Programs\Python\Python311\Lib\site-packages\sqlalchemy\dialects\postgresql\asyncpg.py", line 780, in _handle_exception
    raise translated_error from error
sqlalchemy.dialects.postgresql.asyncpg.AsyncAdapt_asyncpg_dbapi.IntegrityError: <class 'asyncpg.exceptions.ForeignKeyViolationError'>: insert or update on table "wifi_scans" violates foreign key constraint "wifi_scans_device_id_fkey"
DETAIL:  Key (device_id)=(00000000-0000-0000-0000-000000000001) is not present in table "devices".

The above exception was the direct cause of the following exception:

Traceback (most recent call last):
  File "D:\ravishori\SecureShieldApp\backend\app\middleware\error_handler.py", line 29, in dispatch
    response = await call_next(request)
               ^^^^^^^^^^^^^^^^^^^^^^^^
  File "C:\Users\ravin\AppData\Local\Programs\Python\Python311\Lib\site-packages\starlette\middleware\base.py", line 165, in call_next
    raise app_exc
  File "C:\Users\ravin\AppData\Local\Programs\Python\Python311\Lib\site-packages\starlette\middleware\base.py", line 151, in coro
    await self.app(scope, receive_or_disconnect, send_no_error)
  File "C:\Users\ravin\AppData\Local\Programs\Python\Python311\Lib\site-packages\starlette\middleware\exceptions.py", line 65, in __call__
    await wrap_app_handling_exceptions(self.app, conn)(scope, receive, send)
  File "C:\Users\ravin\AppData\Local\Programs\Python\Python311\Lib\site-packages\starlette\_exception_handler.py", line 64, in wrapped_app
    raise exc
  File "C:\Users\ravin\AppData\Local\Programs\Python\Python311\Lib\site-packages\starlette\_exception_handler.py", line 53, in wrapped_app
    await app(scope, receive, sender)
  File "C:\Users\ravin\AppData\Local\Programs\Python\Python311\Lib\site-packages\starlette\routing.py", line 756, in __call__
    await self.middleware_stack(scope, receive, send)
  File "C:\Users\ravin\AppData\Local\Programs\Python\Python311\Lib\site-packages\starlette\routing.py", line 776, in app
    await route.handle(scope, receive, send)
  File "C:\Users\ravin\AppData\Local\Programs\Python\Python311\Lib\site-packages\starlette\routing.py", line 297, in handle
    await self.app(scope, receive, send)
  File "C:\Users\ravin\AppData\Local\Programs\Python\Python311\Lib\site-packages\starlette\routing.py", line 77, in app
    await wrap_app_handling_exceptions(app, request)(scope, receive, send)
  File "C:\Users\ravin\AppData\Local\Programs\Python\Python311\Lib\site-packages\starlette\_exception_handler.py", line 64, in wrapped_app
    raise exc
  File "C:\Users\ravin\AppData\Local\Programs\Python\Python311\Lib\site-packages\starlette\_exception_handler.py", line 53, in wrapped_app
    await app(scope, receive, sender)
  File "C:\Users\ravin\AppData\Local\Programs\Python\Python311\Lib\site-packages\starlette\routing.py", line 72, in app
    response = await func(request)
               ^^^^^^^^^^^^^^^^^^^
  File "C:\Users\ravin\AppData\Local\Programs\Python\Python311\Lib\site-packages\fastapi\routing.py", line 301, in app
    raw_response = await run_endpoint_function(
                   ^^^^^^^^^^^^^^^^^^^^^^^^^^^^
  File "C:\Users\ravin\AppData\Local\Programs\Python\Python311\Lib\site-packages\fastapi\routing.py", line 212, in run_endpoint_function
    return await dependant.call(**values)
           ^^^^^^^^^^^^^^^^^^^^^^^^^^^^^^
  File "D:\ravishori\SecureShieldApp\backend\app\routers\wifi.py", line 53, in scan_wifi
    await db.commit()
  File "C:\Users\ravin\AppData\Local\Programs\Python\Python311\Lib\site-packages\sqlalchemy\ext\asyncio\session.py", line 1009, in commit
    await greenlet_spawn(self.sync_session.commit)
  File "C:\Users\ravin\AppData\Local\Programs\Python\Python311\Lib\site-packages\sqlalchemy\util\_concurrency_py3k.py", line 203, in greenlet_spawn
    result = context.switch(value)
             ^^^^^^^^^^^^^^^^^^^^^
  File "C:\Users\ravin\AppData\Local\Programs\Python\Python311\Lib\site-packages\sqlalchemy\orm\session.py", line 2028, in commit
    trans.commit(_to_root=True)
  File "<string>", line 2, in commit
  File "C:\Users\ravin\AppData\Local\Programs\Python\Python311\Lib\site-packages\sqlalchemy\orm\state_changes.py", line 139, in _go
    ret_value = fn(self, *arg, **kw)
                ^^^^^^^^^^^^^^^^^^^^
  File "C:\Users\ravin\AppData\Local\Programs\Python\Python311\Lib\site-packages\sqlalchemy\orm\session.py", line 1313, in commit
    self._prepare_impl()
  File "<string>", line 2, in _prepare_impl
  File "C:\Users\ravin\AppData\Local\Programs\Python\Python311\Lib\site-packages\sqlalchemy\orm\state_changes.py", line 139, in _go
    ret_value = fn(self, *arg, **kw)
                ^^^^^^^^^^^^^^^^^^^^
  File "C:\Users\ravin\AppData\Local\Programs\Python\Python311\Lib\site-packages\sqlalchemy\orm\session.py", line 1288, in _prepare_impl
    self.session.flush()
  File "C:\Users\ravin\AppData\Local\Programs\Python\Python311\Lib\site-packages\sqlalchemy\orm\session.py", line 4352, in flush
    self._flush(objects)
  File "C:\Users\ravin\AppData\Local\Programs\Python\Python311\Lib\site-packages\sqlalchemy\orm\session.py", line 4487, in _flush
    with util.safe_reraise():
  File "C:\Users\ravin\AppData\Local\Programs\Python\Python311\Lib\site-packages\sqlalchemy\util\langhelpers.py", line 146, in __exit__
    raise exc_value.with_traceback(exc_tb)
  File "C:\Users\ravin\AppData\Local\Programs\Python\Python311\Lib\site-packages\sqlalchemy\orm\session.py", line 4448, in _flush
    flush_context.execute()
  File "C:\Users\ravin\AppData\Local\Programs\Python\Python311\Lib\site-packages\sqlalchemy\orm\unitofwork.py", line 466, in execute
    rec.execute(self)
  File "C:\Users\ravin\AppData\Local\Programs\Python\Python311\Lib\site-packages\sqlalchemy\orm\unitofwork.py", line 642, in execute
    util.preloaded.orm_persistence.save_obj(
  File "C:\Users\ravin\AppData\Local\Programs\Python\Python311\Lib\site-packages\sqlalchemy\orm\persistence.py", line 93, in save_obj
    _emit_insert_statements(
  File "C:\Users\ravin\AppData\Local\Programs\Python\Python311\Lib\site-packages\sqlalchemy\orm\persistence.py", line 1233, in _emit_insert_statements
    result = connection.execute(
             ^^^^^^^^^^^^^^^^^^^
  File "C:\Users\ravin\AppData\Local\Programs\Python\Python311\Lib\site-packages\sqlalchemy\engine\base.py", line 1418, in execute
    return meth(
           ^^^^^
  File "C:\Users\ravin\AppData\Local\Programs\Python\Python311\Lib\site-packages\sqlalchemy\sql\elements.py", line 515, in _execute_on_connection
    return connection._execute_clauseelement(
           ^^^^^^^^^^^^^^^^^^^^^^^^^^^^^^^^^^
  File "C:\Users\ravin\AppData\Local\Programs\Python\Python311\Lib\site-packages\sqlalchemy\engine\base.py", line 1640, in _execute_clauseelement
    ret = self._execute_context(
          ^^^^^^^^^^^^^^^^^^^^^^
  File "C:\Users\ravin\AppData\Local\Programs\Python\Python311\Lib\site-packages\sqlalchemy\engine\base.py", line 1846, in _execute_context
    return self._exec_single_context(
           ^^^^^^^^^^^^^^^^^^^^^^^^^^
  File "C:\Users\ravin\AppData\Local\Programs\Python\Python311\Lib\site-packages\sqlalchemy\engine\base.py", line 1986, in _exec_single_context
    self._handle_dbapi_exception(
  File "C:\Users\ravin\AppData\Local\Programs\Python\Python311\Lib\site-packages\sqlalchemy\engine\base.py", line 2355, in _handle_dbapi_exception
    raise sqlalchemy_exception.with_traceback(exc_info[2]) from e
  File "C:\Users\ravin\AppData\Local\Programs\Python\Python311\Lib\site-packages\sqlalchemy\engine\base.py", line 1967, in _exec_single_context
    self.dialect.do_execute(
  File "C:\Users\ravin\AppData\Local\Programs\Python\Python311\Lib\site-packages\sqlalchemy\engine\default.py", line 941, in do_execute
    cursor.execute(statement, parameters)
  File "C:\Users\ravin\AppData\Local\Programs\Python\Python311\Lib\site-packages\sqlalchemy\dialects\postgresql\asyncpg.py", line 568, in execute
    self._adapt_connection.await_(
  File "C:\Users\ravin\AppData\Local\Programs\Python\Python311\Lib\site-packages\sqlalchemy\util\_concurrency_py3k.py", line 132, in await_only
    return current.parent.switch(awaitable)  # type: ignore[no-any-return,attr-defined] # noqa: E501
           ^^^^^^^^^^^^^^^^^^^^^^^^^^^^^^^^
  File "C:\Users\ravin\AppData\Local\Programs\Python\Python311\Lib\site-packages\sqlalchemy\util\_concurrency_py3k.py", line 196, in greenlet_spawn
    value = await result
            ^^^^^^^^^^^^
  File "C:\Users\ravin\AppData\Local\Programs\Python\Python311\Lib\site-packages\sqlalchemy\dialects\postgresql\asyncpg.py", line 546, in _prepare_and_execute
    self._handle_exception(error)
  File "C:\Users\ravin\AppData\Local\Programs\Python\Python311\Lib\site-packages\sqlalchemy\dialects\postgresql\asyncpg.py", line 497, in _handle_exception
    self._adapt_connection._handle_exception(error)
  File "C:\Users\ravin\AppData\Local\Programs\Python\Python311\Lib\site-packages\sqlalchemy\dialects\postgresql\asyncpg.py", line 780, in _handle_exception
    raise translated_error from error
sqlalchemy.exc.IntegrityError: (sqlalchemy.dialects.postgresql.asyncpg.IntegrityError) <class 'asyncpg.exceptions.ForeignKeyViolationError'>: insert or update on table "wifi_scans" violates foreign key constraint "wifi_scans_device_id_fkey"
DETAIL:  Key (device_id)=(00000000-0000-0000-0000-000000000001) is not present in table "devices".
[SQL: INSERT INTO wifi_scans (id, device_id, ssid, bssid, signal_strength, encryption_type, is_open, is_suspicious, risk_level, risk_reasons, scanned_at) VALUES ($1::UUID, $2::UUID, $3::VARCHAR, $4::VARCHAR, $5::INTEGER, $6::VARCHAR, $7::BOOLEAN, $8::BOOLEAN, $9::VARCHAR, $10::JSONB, $11::TIMESTAMP WITHOUT TIME ZONE)]
[parameters: (UUID('7ffb9eca-51b9-4b80-a74e-690ec391a10e'), UUID('00000000-0000-0000-0000-000000000001'), None, None, None, 'WPA2', False, False, 'safe', '[]', datetime.datetime(2026, 4, 29, 9, 6, 43, 308195))]
(Background on this error at: https://sqlalche.me/e/20/gkpj)

2026-04-29 14:36:48 | INFO     | secureshield                   | Error alert email sent → ravishori@gmail.com
2026-04-29 14:37:33 | CRITICAL | secureshield./api/v1/wifi/scan | Unhandled exception in request cycle — (sqlalchemy.dialects.postgresql.asyncpg.IntegrityError) <class 'asyncpg.exceptions.ForeignKeyViolationError'>: insert or update on table "wifi_scans" violates foreign key constraint "wifi_scans_device_id_fkey"
DETAIL:  Key (device_id)=(00000000-0000-0000-0000-000000000001) is not present in table "devices".
[SQL: INSERT INTO wifi_scans (id, device_id, ssid, bssid, signal_strength, encryption_type, is_open, is_suspicious, risk_level, risk_reasons, scanned_at) VALUES ($1::UUID, $2::UUID, $3::VARCHAR, $4::VARCHAR, $5::INTEGER, $6::VARCHAR, $7::BOOLEAN, $8::BOOLEAN, $9::VARCHAR, $10::JSONB, $11::TIMESTAMP WITHOUT TIME ZONE)]
[parameters: (UUID('f79f8195-0c39-4ca3-8479-aceb4479d795'), UUID('00000000-0000-0000-0000-000000000001'), 'Phantom_5g', None, None, 'WPA2', False, False, 'safe', '[]', datetime.datetime(2026, 4, 29, 9, 7, 33, 714638))]
(Background on this error at: https://sqlalche.me/e/20/gkpj)
2026-04-29 14:37:33 | DEBUG    | secureshield./api/v1/wifi/scan | Traceback:
Traceback (most recent call last):
  File "C:\Users\ravin\AppData\Local\Programs\Python\Python311\Lib\site-packages\sqlalchemy\dialects\postgresql\asyncpg.py", line 534, in _prepare_and_execute
    self._rows = deque(await prepared_stmt.fetch(*parameters))
                       ^^^^^^^^^^^^^^^^^^^^^^^^^^^^^^^^^^^^^^
  File "C:\Users\ravin\AppData\Local\Programs\Python\Python311\Lib\site-packages\asyncpg\prepared_stmt.py", line 176, in fetch
    data = await self.__bind_execute(args, 0, timeout)
           ^^^^^^^^^^^^^^^^^^^^^^^^^^^^^^^^^^^^^^^^^^^
  File "C:\Users\ravin\AppData\Local\Programs\Python\Python311\Lib\site-packages\asyncpg\prepared_stmt.py", line 241, in __bind_execute
    data, status, _ = await self.__do_execute(
                      ^^^^^^^^^^^^^^^^^^^^^^^^
  File "C:\Users\ravin\AppData\Local\Programs\Python\Python311\Lib\site-packages\asyncpg\prepared_stmt.py", line 230, in __do_execute
    return await executor(protocol)
           ^^^^^^^^^^^^^^^^^^^^^^^^
  File "asyncpg\protocol\protocol.pyx", line 207, in bind_execute
asyncpg.exceptions.ForeignKeyViolationError: insert or update on table "wifi_scans" violates foreign key constraint "wifi_scans_device_id_fkey"
DETAIL:  Key (device_id)=(00000000-0000-0000-0000-000000000001) is not present in table "devices".

The above exception was the direct cause of the following exception:

Traceback (most recent call last):
  File "C:\Users\ravin\AppData\Local\Programs\Python\Python311\Lib\site-packages\sqlalchemy\engine\base.py", line 1967, in _exec_single_context
    self.dialect.do_execute(
  File "C:\Users\ravin\AppData\Local\Programs\Python\Python311\Lib\site-packages\sqlalchemy\engine\default.py", line 941, in do_execute
    cursor.execute(statement, parameters)
  File "C:\Users\ravin\AppData\Local\Programs\Python\Python311\Lib\site-packages\sqlalchemy\dialects\postgresql\asyncpg.py", line 568, in execute
    self._adapt_connection.await_(
  File "C:\Users\ravin\AppData\Local\Programs\Python\Python311\Lib\site-packages\sqlalchemy\util\_concurrency_py3k.py", line 132, in await_only
    return current.parent.switch(awaitable)  # type: ignore[no-any-return,attr-defined] # noqa: E501
           ^^^^^^^^^^^^^^^^^^^^^^^^^^^^^^^^
  File "C:\Users\ravin\AppData\Local\Programs\Python\Python311\Lib\site-packages\sqlalchemy\util\_concurrency_py3k.py", line 196, in greenlet_spawn
    value = await result
            ^^^^^^^^^^^^
  File "C:\Users\ravin\AppData\Local\Programs\Python\Python311\Lib\site-packages\sqlalchemy\dialects\postgresql\asyncpg.py", line 546, in _prepare_and_execute
    self._handle_exception(error)
  File "C:\Users\ravin\AppData\Local\Programs\Python\Python311\Lib\site-packages\sqlalchemy\dialects\postgresql\asyncpg.py", line 497, in _handle_exception
    self._adapt_connection._handle_exception(error)
  File "C:\Users\ravin\AppData\Local\Programs\Python\Python311\Lib\site-packages\sqlalchemy\dialects\postgresql\asyncpg.py", line 780, in _handle_exception
    raise translated_error from error
sqlalchemy.dialects.postgresql.asyncpg.AsyncAdapt_asyncpg_dbapi.IntegrityError: <class 'asyncpg.exceptions.ForeignKeyViolationError'>: insert or update on table "wifi_scans" violates foreign key constraint "wifi_scans_device_id_fkey"
DETAIL:  Key (device_id)=(00000000-0000-0000-0000-000000000001) is not present in table "devices".

The above exception was the direct cause of the following exception:

Traceback (most recent call last):
  File "D:\ravishori\SecureShieldApp\backend\app\middleware\error_handler.py", line 29, in dispatch
    response = await call_next(request)
               ^^^^^^^^^^^^^^^^^^^^^^^^
  File "C:\Users\ravin\AppData\Local\Programs\Python\Python311\Lib\site-packages\starlette\middleware\base.py", line 165, in call_next
    raise app_exc
  File "C:\Users\ravin\AppData\Local\Programs\Python\Python311\Lib\site-packages\starlette\middleware\base.py", line 151, in coro
    await self.app(scope, receive_or_disconnect, send_no_error)
  File "C:\Users\ravin\AppData\Local\Programs\Python\Python311\Lib\site-packages\starlette\middleware\exceptions.py", line 65, in __call__
    await wrap_app_handling_exceptions(self.app, conn)(scope, receive, send)
  File "C:\Users\ravin\AppData\Local\Programs\Python\Python311\Lib\site-packages\starlette\_exception_handler.py", line 64, in wrapped_app
    raise exc
  File "C:\Users\ravin\AppData\Local\Programs\Python\Python311\Lib\site-packages\starlette\_exception_handler.py", line 53, in wrapped_app
    await app(scope, receive, sender)
  File "C:\Users\ravin\AppData\Local\Programs\Python\Python311\Lib\site-packages\starlette\routing.py", line 756, in __call__
    await self.middleware_stack(scope, receive, send)
  File "C:\Users\ravin\AppData\Local\Programs\Python\Python311\Lib\site-packages\starlette\routing.py", line 776, in app
    await route.handle(scope, receive, send)
  File "C:\Users\ravin\AppData\Local\Programs\Python\Python311\Lib\site-packages\starlette\routing.py", line 297, in handle
    await self.app(scope, receive, send)
  File "C:\Users\ravin\AppData\Local\Programs\Python\Python311\Lib\site-packages\starlette\routing.py", line 77, in app
    await wrap_app_handling_exceptions(app, request)(scope, receive, send)
  File "C:\Users\ravin\AppData\Local\Programs\Python\Python311\Lib\site-packages\starlette\_exception_handler.py", line 64, in wrapped_app
    raise exc
  File "C:\Users\ravin\AppData\Local\Programs\Python\Python311\Lib\site-packages\starlette\_exception_handler.py", line 53, in wrapped_app
    await app(scope, receive, sender)
  File "C:\Users\ravin\AppData\Local\Programs\Python\Python311\Lib\site-packages\starlette\routing.py", line 72, in app
    response = await func(request)
               ^^^^^^^^^^^^^^^^^^^
  File "C:\Users\ravin\AppData\Local\Programs\Python\Python311\Lib\site-packages\fastapi\routing.py", line 301, in app
    raw_response = await run_endpoint_function(
                   ^^^^^^^^^^^^^^^^^^^^^^^^^^^^
  File "C:\Users\ravin\AppData\Local\Programs\Python\Python311\Lib\site-packages\fastapi\routing.py", line 212, in run_endpoint_function
    return await dependant.call(**values)
           ^^^^^^^^^^^^^^^^^^^^^^^^^^^^^^
  File "D:\ravishori\SecureShieldApp\backend\app\routers\wifi.py", line 53, in scan_wifi
    await db.commit()
  File "C:\Users\ravin\AppData\Local\Programs\Python\Python311\Lib\site-packages\sqlalchemy\ext\asyncio\session.py", line 1009, in commit
    await greenlet_spawn(self.sync_session.commit)
  File "C:\Users\ravin\AppData\Local\Programs\Python\Python311\Lib\site-packages\sqlalchemy\util\_concurrency_py3k.py", line 203, in greenlet_spawn
    result = context.switch(value)
             ^^^^^^^^^^^^^^^^^^^^^
  File "C:\Users\ravin\AppData\Local\Programs\Python\Python311\Lib\site-packages\sqlalchemy\orm\session.py", line 2028, in commit
    trans.commit(_to_root=True)
  File "<string>", line 2, in commit
  File "C:\Users\ravin\AppData\Local\Programs\Python\Python311\Lib\site-packages\sqlalchemy\orm\state_changes.py", line 139, in _go
    ret_value = fn(self, *arg, **kw)
                ^^^^^^^^^^^^^^^^^^^^
  File "C:\Users\ravin\AppData\Local\Programs\Python\Python311\Lib\site-packages\sqlalchemy\orm\session.py", line 1313, in commit
    self._prepare_impl()
  File "<string>", line 2, in _prepare_impl
  File "C:\Users\ravin\AppData\Local\Programs\Python\Python311\Lib\site-packages\sqlalchemy\orm\state_changes.py", line 139, in _go
    ret_value = fn(self, *arg, **kw)
                ^^^^^^^^^^^^^^^^^^^^
  File "C:\Users\ravin\AppData\Local\Programs\Python\Python311\Lib\site-packages\sqlalchemy\orm\session.py", line 1288, in _prepare_impl
    self.session.flush()
  File "C:\Users\ravin\AppData\Local\Programs\Python\Python311\Lib\site-packages\sqlalchemy\orm\session.py", line 4352, in flush
    self._flush(objects)
  File "C:\Users\ravin\AppData\Local\Programs\Python\Python311\Lib\site-packages\sqlalchemy\orm\session.py", line 4487, in _flush
    with util.safe_reraise():
  File "C:\Users\ravin\AppData\Local\Programs\Python\Python311\Lib\site-packages\sqlalchemy\util\langhelpers.py", line 146, in __exit__
    raise exc_value.with_traceback(exc_tb)
  File "C:\Users\ravin\AppData\Local\Programs\Python\Python311\Lib\site-packages\sqlalchemy\orm\session.py", line 4448, in _flush
    flush_context.execute()
  File "C:\Users\ravin\AppData\Local\Programs\Python\Python311\Lib\site-packages\sqlalchemy\orm\unitofwork.py", line 466, in execute
    rec.execute(self)
  File "C:\Users\ravin\AppData\Local\Programs\Python\Python311\Lib\site-packages\sqlalchemy\orm\unitofwork.py", line 642, in execute
    util.preloaded.orm_persistence.save_obj(
  File "C:\Users\ravin\AppData\Local\Programs\Python\Python311\Lib\site-packages\sqlalchemy\orm\persistence.py", line 93, in save_obj
    _emit_insert_statements(
  File "C:\Users\ravin\AppData\Local\Programs\Python\Python311\Lib\site-packages\sqlalchemy\orm\persistence.py", line 1233, in _emit_insert_statements
    result = connection.execute(
             ^^^^^^^^^^^^^^^^^^^
  File "C:\Users\ravin\AppData\Local\Programs\Python\Python311\Lib\site-packages\sqlalchemy\engine\base.py", line 1418, in execute
    return meth(
           ^^^^^
  File "C:\Users\ravin\AppData\Local\Programs\Python\Python311\Lib\site-packages\sqlalchemy\sql\elements.py", line 515, in _execute_on_connection
    return connection._execute_clauseelement(
           ^^^^^^^^^^^^^^^^^^^^^^^^^^^^^^^^^^
  File "C:\Users\ravin\AppData\Local\Programs\Python\Python311\Lib\site-packages\sqlalchemy\engine\base.py", line 1640, in _execute_clauseelement
    ret = self._execute_context(
          ^^^^^^^^^^^^^^^^^^^^^^
  File "C:\Users\ravin\AppData\Local\Programs\Python\Python311\Lib\site-packages\sqlalchemy\engine\base.py", line 1846, in _execute_context
    return self._exec_single_context(
           ^^^^^^^^^^^^^^^^^^^^^^^^^^
  File "C:\Users\ravin\AppData\Local\Programs\Python\Python311\Lib\site-packages\sqlalchemy\engine\base.py", line 1986, in _exec_single_context
    self._handle_dbapi_exception(
  File "C:\Users\ravin\AppData\Local\Programs\Python\Python311\Lib\site-packages\sqlalchemy\engine\base.py", line 2355, in _handle_dbapi_exception
    raise sqlalchemy_exception.with_traceback(exc_info[2]) from e
  File "C:\Users\ravin\AppData\Local\Programs\Python\Python311\Lib\site-packages\sqlalchemy\engine\base.py", line 1967, in _exec_single_context
    self.dialect.do_execute(
  File "C:\Users\ravin\AppData\Local\Programs\Python\Python311\Lib\site-packages\sqlalchemy\engine\default.py", line 941, in do_execute
    cursor.execute(statement, parameters)
  File "C:\Users\ravin\AppData\Local\Programs\Python\Python311\Lib\site-packages\sqlalchemy\dialects\postgresql\asyncpg.py", line 568, in execute
    self._adapt_connection.await_(
  File "C:\Users\ravin\AppData\Local\Programs\Python\Python311\Lib\site-packages\sqlalchemy\util\_concurrency_py3k.py", line 132, in await_only
    return current.parent.switch(awaitable)  # type: ignore[no-any-return,attr-defined] # noqa: E501
           ^^^^^^^^^^^^^^^^^^^^^^^^^^^^^^^^
  File "C:\Users\ravin\AppData\Local\Programs\Python\Python311\Lib\site-packages\sqlalchemy\util\_concurrency_py3k.py", line 196, in greenlet_spawn
    value = await result
            ^^^^^^^^^^^^
  File "C:\Users\ravin\AppData\Local\Programs\Python\Python311\Lib\site-packages\sqlalchemy\dialects\postgresql\asyncpg.py", line 546, in _prepare_and_execute
    self._handle_exception(error)
  File "C:\Users\ravin\AppData\Local\Programs\Python\Python311\Lib\site-packages\sqlalchemy\dialects\postgresql\asyncpg.py", line 497, in _handle_exception
    self._adapt_connection._handle_exception(error)
  File "C:\Users\ravin\AppData\Local\Programs\Python\Python311\Lib\site-packages\sqlalchemy\dialects\postgresql\asyncpg.py", line 780, in _handle_exception
    raise translated_error from error
sqlalchemy.exc.IntegrityError: (sqlalchemy.dialects.postgresql.asyncpg.IntegrityError) <class 'asyncpg.exceptions.ForeignKeyViolationError'>: insert or update on table "wifi_scans" violates foreign key constraint "wifi_scans_device_id_fkey"
DETAIL:  Key (device_id)=(00000000-0000-0000-0000-000000000001) is not present in table "devices".
[SQL: INSERT INTO wifi_scans (id, device_id, ssid, bssid, signal_strength, encryption_type, is_open, is_suspicious, risk_level, risk_reasons, scanned_at) VALUES ($1::UUID, $2::UUID, $3::VARCHAR, $4::VARCHAR, $5::INTEGER, $6::VARCHAR, $7::BOOLEAN, $8::BOOLEAN, $9::VARCHAR, $10::JSONB, $11::TIMESTAMP WITHOUT TIME ZONE)]
[parameters: (UUID('f79f8195-0c39-4ca3-8479-aceb4479d795'), UUID('00000000-0000-0000-0000-000000000001'), 'Phantom_5g', None, None, 'WPA2', False, False, 'safe', '[]', datetime.datetime(2026, 4, 29, 9, 7, 33, 714638))]
(Background on this error at: https://sqlalche.me/e/20/gkpj)

2026-04-29 14:37:37 | INFO     | secureshield                   | Error alert email sent → ravishori@gmail.com
2026-04-29 14:37:41 | CRITICAL | secureshield./api/v1/wifi/scan | Unhandled exception in request cycle — (sqlalchemy.dialects.postgresql.asyncpg.IntegrityError) <class 'asyncpg.exceptions.ForeignKeyViolationError'>: insert or update on table "wifi_scans" violates foreign key constraint "wifi_scans_device_id_fkey"
DETAIL:  Key (device_id)=(00000000-0000-0000-0000-000000000001) is not present in table "devices".
[SQL: INSERT INTO wifi_scans (id, device_id, ssid, bssid, signal_strength, encryption_type, is_open, is_suspicious, risk_level, risk_reasons, scanned_at) VALUES ($1::UUID, $2::UUID, $3::VARCHAR, $4::VARCHAR, $5::INTEGER, $6::VARCHAR, $7::BOOLEAN, $8::BOOLEAN, $9::VARCHAR, $10::JSONB, $11::TIMESTAMP WITHOUT TIME ZONE)]
[parameters: (UUID('fcf873e0-834d-4544-bf4a-5f17ff7207ac'), UUID('00000000-0000-0000-0000-000000000001'), 'Phantom_5g', None, None, 'WPA2', False, False, 'safe', '[]', datetime.datetime(2026, 4, 29, 9, 7, 41, 118427))]
(Background on this error at: https://sqlalche.me/e/20/gkpj)
2026-04-29 14:37:41 | DEBUG    | secureshield./api/v1/wifi/scan | Traceback:
Traceback (most recent call last):
  File "C:\Users\ravin\AppData\Local\Programs\Python\Python311\Lib\site-packages\sqlalchemy\dialects\postgresql\asyncpg.py", line 534, in _prepare_and_execute
    self._rows = deque(await prepared_stmt.fetch(*parameters))
                       ^^^^^^^^^^^^^^^^^^^^^^^^^^^^^^^^^^^^^^
  File "C:\Users\ravin\AppData\Local\Programs\Python\Python311\Lib\site-packages\asyncpg\prepared_stmt.py", line 176, in fetch
    data = await self.__bind_execute(args, 0, timeout)
           ^^^^^^^^^^^^^^^^^^^^^^^^^^^^^^^^^^^^^^^^^^^
  File "C:\Users\ravin\AppData\Local\Programs\Python\Python311\Lib\site-packages\asyncpg\prepared_stmt.py", line 241, in __bind_execute
    data, status, _ = await self.__do_execute(
                      ^^^^^^^^^^^^^^^^^^^^^^^^
  File "C:\Users\ravin\AppData\Local\Programs\Python\Python311\Lib\site-packages\asyncpg\prepared_stmt.py", line 230, in __do_execute
    return await executor(protocol)
           ^^^^^^^^^^^^^^^^^^^^^^^^
  File "asyncpg\protocol\protocol.pyx", line 207, in bind_execute
asyncpg.exceptions.ForeignKeyViolationError: insert or update on table "wifi_scans" violates foreign key constraint "wifi_scans_device_id_fkey"
DETAIL:  Key (device_id)=(00000000-0000-0000-0000-000000000001) is not present in table "devices".

The above exception was the direct cause of the following exception:

Traceback (most recent call last):
  File "C:\Users\ravin\AppData\Local\Programs\Python\Python311\Lib\site-packages\sqlalchemy\engine\base.py", line 1967, in _exec_single_context
    self.dialect.do_execute(
  File "C:\Users\ravin\AppData\Local\Programs\Python\Python311\Lib\site-packages\sqlalchemy\engine\default.py", line 941, in do_execute
    cursor.execute(statement, parameters)
  File "C:\Users\ravin\AppData\Local\Programs\Python\Python311\Lib\site-packages\sqlalchemy\dialects\postgresql\asyncpg.py", line 568, in execute
    self._adapt_connection.await_(
  File "C:\Users\ravin\AppData\Local\Programs\Python\Python311\Lib\site-packages\sqlalchemy\util\_concurrency_py3k.py", line 132, in await_only
    return current.parent.switch(awaitable)  # type: ignore[no-any-return,attr-defined] # noqa: E501
           ^^^^^^^^^^^^^^^^^^^^^^^^^^^^^^^^
  File "C:\Users\ravin\AppData\Local\Programs\Python\Python311\Lib\site-packages\sqlalchemy\util\_concurrency_py3k.py", line 196, in greenlet_spawn
    value = await result
            ^^^^^^^^^^^^
  File "C:\Users\ravin\AppData\Local\Programs\Python\Python311\Lib\site-packages\sqlalchemy\dialects\postgresql\asyncpg.py", line 546, in _prepare_and_execute
    self._handle_exception(error)
  File "C:\Users\ravin\AppData\Local\Programs\Python\Python311\Lib\site-packages\sqlalchemy\dialects\postgresql\asyncpg.py", line 497, in _handle_exception
    self._adapt_connection._handle_exception(error)
  File "C:\Users\ravin\AppData\Local\Programs\Python\Python311\Lib\site-packages\sqlalchemy\dialects\postgresql\asyncpg.py", line 780, in _handle_exception
    raise translated_error from error
sqlalchemy.dialects.postgresql.asyncpg.AsyncAdapt_asyncpg_dbapi.IntegrityError: <class 'asyncpg.exceptions.ForeignKeyViolationError'>: insert or update on table "wifi_scans" violates foreign key constraint "wifi_scans_device_id_fkey"
DETAIL:  Key (device_id)=(00000000-0000-0000-0000-000000000001) is not present in table "devices".

The above exception was the direct cause of the following exception:

Traceback (most recent call last):
  File "D:\ravishori\SecureShieldApp\backend\app\middleware\error_handler.py", line 29, in dispatch
    response = await call_next(request)
               ^^^^^^^^^^^^^^^^^^^^^^^^
  File "C:\Users\ravin\AppData\Local\Programs\Python\Python311\Lib\site-packages\starlette\middleware\base.py", line 165, in call_next
    raise app_exc
  File "C:\Users\ravin\AppData\Local\Programs\Python\Python311\Lib\site-packages\starlette\middleware\base.py", line 151, in coro
    await self.app(scope, receive_or_disconnect, send_no_error)
  File "C:\Users\ravin\AppData\Local\Programs\Python\Python311\Lib\site-packages\starlette\middleware\exceptions.py", line 65, in __call__
    await wrap_app_handling_exceptions(self.app, conn)(scope, receive, send)
  File "C:\Users\ravin\AppData\Local\Programs\Python\Python311\Lib\site-packages\starlette\_exception_handler.py", line 64, in wrapped_app
    raise exc
  File "C:\Users\ravin\AppData\Local\Programs\Python\Python311\Lib\site-packages\starlette\_exception_handler.py", line 53, in wrapped_app
    await app(scope, receive, sender)
  File "C:\Users\ravin\AppData\Local\Programs\Python\Python311\Lib\site-packages\starlette\routing.py", line 756, in __call__
    await self.middleware_stack(scope, receive, send)
  File "C:\Users\ravin\AppData\Local\Programs\Python\Python311\Lib\site-packages\starlette\routing.py", line 776, in app
    await route.handle(scope, receive, send)
  File "C:\Users\ravin\AppData\Local\Programs\Python\Python311\Lib\site-packages\starlette\routing.py", line 297, in handle
    await self.app(scope, receive, send)
  File "C:\Users\ravin\AppData\Local\Programs\Python\Python311\Lib\site-packages\starlette\routing.py", line 77, in app
    await wrap_app_handling_exceptions(app, request)(scope, receive, send)
  File "C:\Users\ravin\AppData\Local\Programs\Python\Python311\Lib\site-packages\starlette\_exception_handler.py", line 64, in wrapped_app
    raise exc
  File "C:\Users\ravin\AppData\Local\Programs\Python\Python311\Lib\site-packages\starlette\_exception_handler.py", line 53, in wrapped_app
    await app(scope, receive, sender)
  File "C:\Users\ravin\AppData\Local\Programs\Python\Python311\Lib\site-packages\starlette\routing.py", line 72, in app
    response = await func(request)
               ^^^^^^^^^^^^^^^^^^^
  File "C:\Users\ravin\AppData\Local\Programs\Python\Python311\Lib\site-packages\fastapi\routing.py", line 301, in app
    raw_response = await run_endpoint_function(
                   ^^^^^^^^^^^^^^^^^^^^^^^^^^^^
  File "C:\Users\ravin\AppData\Local\Programs\Python\Python311\Lib\site-packages\fastapi\routing.py", line 212, in run_endpoint_function
    return await dependant.call(**values)
           ^^^^^^^^^^^^^^^^^^^^^^^^^^^^^^
  File "D:\ravishori\SecureShieldApp\backend\app\routers\wifi.py", line 53, in scan_wifi
    await db.commit()
  File "C:\Users\ravin\AppData\Local\Programs\Python\Python311\Lib\site-packages\sqlalchemy\ext\asyncio\session.py", line 1009, in commit
    await greenlet_spawn(self.sync_session.commit)
  File "C:\Users\ravin\AppData\Local\Programs\Python\Python311\Lib\site-packages\sqlalchemy\util\_concurrency_py3k.py", line 203, in greenlet_spawn
    result = context.switch(value)
             ^^^^^^^^^^^^^^^^^^^^^
  File "C:\Users\ravin\AppData\Local\Programs\Python\Python311\Lib\site-packages\sqlalchemy\orm\session.py", line 2028, in commit
    trans.commit(_to_root=True)
  File "<string>", line 2, in commit
  File "C:\Users\ravin\AppData\Local\Programs\Python\Python311\Lib\site-packages\sqlalchemy\orm\state_changes.py", line 139, in _go
    ret_value = fn(self, *arg, **kw)
                ^^^^^^^^^^^^^^^^^^^^
  File "C:\Users\ravin\AppData\Local\Programs\Python\Python311\Lib\site-packages\sqlalchemy\orm\session.py", line 1313, in commit
    self._prepare_impl()
  File "<string>", line 2, in _prepare_impl
  File "C:\Users\ravin\AppData\Local\Programs\Python\Python311\Lib\site-packages\sqlalchemy\orm\state_changes.py", line 139, in _go
    ret_value = fn(self, *arg, **kw)
                ^^^^^^^^^^^^^^^^^^^^
  File "C:\Users\ravin\AppData\Local\Programs\Python\Python311\Lib\site-packages\sqlalchemy\orm\session.py", line 1288, in _prepare_impl
    self.session.flush()
  File "C:\Users\ravin\AppData\Local\Programs\Python\Python311\Lib\site-packages\sqlalchemy\orm\session.py", line 4352, in flush
    self._flush(objects)
  File "C:\Users\ravin\AppData\Local\Programs\Python\Python311\Lib\site-packages\sqlalchemy\orm\session.py", line 4487, in _flush
    with util.safe_reraise():
  File "C:\Users\ravin\AppData\Local\Programs\Python\Python311\Lib\site-packages\sqlalchemy\util\langhelpers.py", line 146, in __exit__
    raise exc_value.with_traceback(exc_tb)
  File "C:\Users\ravin\AppData\Local\Programs\Python\Python311\Lib\site-packages\sqlalchemy\orm\session.py", line 4448, in _flush
    flush_context.execute()
  File "C:\Users\ravin\AppData\Local\Programs\Python\Python311\Lib\site-packages\sqlalchemy\orm\unitofwork.py", line 466, in execute
    rec.execute(self)
  File "C:\Users\ravin\AppData\Local\Programs\Python\Python311\Lib\site-packages\sqlalchemy\orm\unitofwork.py", line 642, in execute
    util.preloaded.orm_persistence.save_obj(
  File "C:\Users\ravin\AppData\Local\Programs\Python\Python311\Lib\site-packages\sqlalchemy\orm\persistence.py", line 93, in save_obj
    _emit_insert_statements(
  File "C:\Users\ravin\AppData\Local\Programs\Python\Python311\Lib\site-packages\sqlalchemy\orm\persistence.py", line 1233, in _emit_insert_statements
    result = connection.execute(
             ^^^^^^^^^^^^^^^^^^^
  File "C:\Users\ravin\AppData\Local\Programs\Python\Python311\Lib\site-packages\sqlalchemy\engine\base.py", line 1418, in execute
    return meth(
           ^^^^^
  File "C:\Users\ravin\AppData\Local\Programs\Python\Python311\Lib\site-packages\sqlalchemy\sql\elements.py", line 515, in _execute_on_connection
    return connection._execute_clauseelement(
           ^^^^^^^^^^^^^^^^^^^^^^^^^^^^^^^^^^
  File "C:\Users\ravin\AppData\Local\Programs\Python\Python311\Lib\site-packages\sqlalchemy\engine\base.py", line 1640, in _execute_clauseelement
    ret = self._execute_context(
          ^^^^^^^^^^^^^^^^^^^^^^
  File "C:\Users\ravin\AppData\Local\Programs\Python\Python311\Lib\site-packages\sqlalchemy\engine\base.py", line 1846, in _execute_context
    return self._exec_single_context(
           ^^^^^^^^^^^^^^^^^^^^^^^^^^
  File "C:\Users\ravin\AppData\Local\Programs\Python\Python311\Lib\site-packages\sqlalchemy\engine\base.py", line 1986, in _exec_single_context
    self._handle_dbapi_exception(
  File "C:\Users\ravin\AppData\Local\Programs\Python\Python311\Lib\site-packages\sqlalchemy\engine\base.py", line 2355, in _handle_dbapi_exception
    raise sqlalchemy_exception.with_traceback(exc_info[2]) from e
  File "C:\Users\ravin\AppData\Local\Programs\Python\Python311\Lib\site-packages\sqlalchemy\engine\base.py", line 1967, in _exec_single_context
    self.dialect.do_execute(
  File "C:\Users\ravin\AppData\Local\Programs\Python\Python311\Lib\site-packages\sqlalchemy\engine\default.py", line 941, in do_execute
    cursor.execute(statement, parameters)
  File "C:\Users\ravin\AppData\Local\Programs\Python\Python311\Lib\site-packages\sqlalchemy\dialects\postgresql\asyncpg.py", line 568, in execute
    self._adapt_connection.await_(
  File "C:\Users\ravin\AppData\Local\Programs\Python\Python311\Lib\site-packages\sqlalchemy\util\_concurrency_py3k.py", line 132, in await_only
    return current.parent.switch(awaitable)  # type: ignore[no-any-return,attr-defined] # noqa: E501
           ^^^^^^^^^^^^^^^^^^^^^^^^^^^^^^^^
  File "C:\Users\ravin\AppData\Local\Programs\Python\Python311\Lib\site-packages\sqlalchemy\util\_concurrency_py3k.py", line 196, in greenlet_spawn
    value = await result
            ^^^^^^^^^^^^
  File "C:\Users\ravin\AppData\Local\Programs\Python\Python311\Lib\site-packages\sqlalchemy\dialects\postgresql\asyncpg.py", line 546, in _prepare_and_execute
    self._handle_exception(error)
  File "C:\Users\ravin\AppData\Local\Programs\Python\Python311\Lib\site-packages\sqlalchemy\dialects\postgresql\asyncpg.py", line 497, in _handle_exception
    self._adapt_connection._handle_exception(error)
  File "C:\Users\ravin\AppData\Local\Programs\Python\Python311\Lib\site-packages\sqlalchemy\dialects\postgresql\asyncpg.py", line 780, in _handle_exception
    raise translated_error from error
sqlalchemy.exc.IntegrityError: (sqlalchemy.dialects.postgresql.asyncpg.IntegrityError) <class 'asyncpg.exceptions.ForeignKeyViolationError'>: insert or update on table "wifi_scans" violates foreign key constraint "wifi_scans_device_id_fkey"
DETAIL:  Key (device_id)=(00000000-0000-0000-0000-000000000001) is not present in table "devices".
[SQL: INSERT INTO wifi_scans (id, device_id, ssid, bssid, signal_strength, encryption_type, is_open, is_suspicious, risk_level, risk_reasons, scanned_at) VALUES ($1::UUID, $2::UUID, $3::VARCHAR, $4::VARCHAR, $5::INTEGER, $6::VARCHAR, $7::BOOLEAN, $8::BOOLEAN, $9::VARCHAR, $10::JSONB, $11::TIMESTAMP WITHOUT TIME ZONE)]
[parameters: (UUID('fcf873e0-834d-4544-bf4a-5f17ff7207ac'), UUID('00000000-0000-0000-0000-000000000001'), 'Phantom_5g', None, None, 'WPA2', False, False, 'safe', '[]', datetime.datetime(2026, 4, 29, 9, 7, 41, 118427))]
(Background on this error at: https://sqlalche.me/e/20/gkpj)

2026-04-29 14:37:45 | INFO     | secureshield                   | Error alert email sent → ravishori@gmail.com
2026-04-29 14:37:47 | CRITICAL | secureshield./api/v1/wifi/scan | Unhandled exception in request cycle — (sqlalchemy.dialects.postgresql.asyncpg.IntegrityError) <class 'asyncpg.exceptions.ForeignKeyViolationError'>: insert or update on table "wifi_scans" violates foreign key constraint "wifi_scans_device_id_fkey"
DETAIL:  Key (device_id)=(00000000-0000-0000-0000-000000000001) is not present in table "devices".
[SQL: INSERT INTO wifi_scans (id, device_id, ssid, bssid, signal_strength, encryption_type, is_open, is_suspicious, risk_level, risk_reasons, scanned_at) VALUES ($1::UUID, $2::UUID, $3::VARCHAR, $4::VARCHAR, $5::INTEGER, $6::VARCHAR, $7::BOOLEAN, $8::BOOLEAN, $9::VARCHAR, $10::JSONB, $11::TIMESTAMP WITHOUT TIME ZONE)]
[parameters: (UUID('b2ad1b06-8cb0-4263-8723-47f38b5508cb'), UUID('00000000-0000-0000-0000-000000000001'), 'Phantom_5g', None, None, 'WPA2', False, False, 'safe', '[]', datetime.datetime(2026, 4, 29, 9, 7, 47, 222514))]
(Background on this error at: https://sqlalche.me/e/20/gkpj)
2026-04-29 14:37:47 | DEBUG    | secureshield./api/v1/wifi/scan | Traceback:
Traceback (most recent call last):
  File "C:\Users\ravin\AppData\Local\Programs\Python\Python311\Lib\site-packages\sqlalchemy\dialects\postgresql\asyncpg.py", line 534, in _prepare_and_execute
    self._rows = deque(await prepared_stmt.fetch(*parameters))
                       ^^^^^^^^^^^^^^^^^^^^^^^^^^^^^^^^^^^^^^
  File "C:\Users\ravin\AppData\Local\Programs\Python\Python311\Lib\site-packages\asyncpg\prepared_stmt.py", line 176, in fetch
    data = await self.__bind_execute(args, 0, timeout)
           ^^^^^^^^^^^^^^^^^^^^^^^^^^^^^^^^^^^^^^^^^^^
  File "C:\Users\ravin\AppData\Local\Programs\Python\Python311\Lib\site-packages\asyncpg\prepared_stmt.py", line 241, in __bind_execute
    data, status, _ = await self.__do_execute(
                      ^^^^^^^^^^^^^^^^^^^^^^^^
  File "C:\Users\ravin\AppData\Local\Programs\Python\Python311\Lib\site-packages\asyncpg\prepared_stmt.py", line 230, in __do_execute
    return await executor(protocol)
           ^^^^^^^^^^^^^^^^^^^^^^^^
  File "asyncpg\protocol\protocol.pyx", line 207, in bind_execute
asyncpg.exceptions.ForeignKeyViolationError: insert or update on table "wifi_scans" violates foreign key constraint "wifi_scans_device_id_fkey"
DETAIL:  Key (device_id)=(00000000-0000-0000-0000-000000000001) is not present in table "devices".

The above exception was the direct cause of the following exception:

Traceback (most recent call last):
  File "C:\Users\ravin\AppData\Local\Programs\Python\Python311\Lib\site-packages\sqlalchemy\engine\base.py", line 1967, in _exec_single_context
    self.dialect.do_execute(
  File "C:\Users\ravin\AppData\Local\Programs\Python\Python311\Lib\site-packages\sqlalchemy\engine\default.py", line 941, in do_execute
    cursor.execute(statement, parameters)
  File "C:\Users\ravin\AppData\Local\Programs\Python\Python311\Lib\site-packages\sqlalchemy\dialects\postgresql\asyncpg.py", line 568, in execute
    self._adapt_connection.await_(
  File "C:\Users\ravin\AppData\Local\Programs\Python\Python311\Lib\site-packages\sqlalchemy\util\_concurrency_py3k.py", line 132, in await_only
    return current.parent.switch(awaitable)  # type: ignore[no-any-return,attr-defined] # noqa: E501
           ^^^^^^^^^^^^^^^^^^^^^^^^^^^^^^^^
  File "C:\Users\ravin\AppData\Local\Programs\Python\Python311\Lib\site-packages\sqlalchemy\util\_concurrency_py3k.py", line 196, in greenlet_spawn
    value = await result
            ^^^^^^^^^^^^
  File "C:\Users\ravin\AppData\Local\Programs\Python\Python311\Lib\site-packages\sqlalchemy\dialects\postgresql\asyncpg.py", line 546, in _prepare_and_execute
    self._handle_exception(error)
  File "C:\Users\ravin\AppData\Local\Programs\Python\Python311\Lib\site-packages\sqlalchemy\dialects\postgresql\asyncpg.py", line 497, in _handle_exception
    self._adapt_connection._handle_exception(error)
  File "C:\Users\ravin\AppData\Local\Programs\Python\Python311\Lib\site-packages\sqlalchemy\dialects\postgresql\asyncpg.py", line 780, in _handle_exception
    raise translated_error from error
sqlalchemy.dialects.postgresql.asyncpg.AsyncAdapt_asyncpg_dbapi.IntegrityError: <class 'asyncpg.exceptions.ForeignKeyViolationError'>: insert or update on table "wifi_scans" violates foreign key constraint "wifi_scans_device_id_fkey"
DETAIL:  Key (device_id)=(00000000-0000-0000-0000-000000000001) is not present in table "devices".

The above exception was the direct cause of the following exception:

Traceback (most recent call last):
  File "D:\ravishori\SecureShieldApp\backend\app\middleware\error_handler.py", line 29, in dispatch
    response = await call_next(request)
               ^^^^^^^^^^^^^^^^^^^^^^^^
  File "C:\Users\ravin\AppData\Local\Programs\Python\Python311\Lib\site-packages\starlette\middleware\base.py", line 165, in call_next
    raise app_exc
  File "C:\Users\ravin\AppData\Local\Programs\Python\Python311\Lib\site-packages\starlette\middleware\base.py", line 151, in coro
    await self.app(scope, receive_or_disconnect, send_no_error)
  File "C:\Users\ravin\AppData\Local\Programs\Python\Python311\Lib\site-packages\starlette\middleware\exceptions.py", line 65, in __call__
    await wrap_app_handling_exceptions(self.app, conn)(scope, receive, send)
  File "C:\Users\ravin\AppData\Local\Programs\Python\Python311\Lib\site-packages\starlette\_exception_handler.py", line 64, in wrapped_app
    raise exc
  File "C:\Users\ravin\AppData\Local\Programs\Python\Python311\Lib\site-packages\starlette\_exception_handler.py", line 53, in wrapped_app
    await app(scope, receive, sender)
  File "C:\Users\ravin\AppData\Local\Programs\Python\Python311\Lib\site-packages\starlette\routing.py", line 756, in __call__
    await self.middleware_stack(scope, receive, send)
  File "C:\Users\ravin\AppData\Local\Programs\Python\Python311\Lib\site-packages\starlette\routing.py", line 776, in app
    await route.handle(scope, receive, send)
  File "C:\Users\ravin\AppData\Local\Programs\Python\Python311\Lib\site-packages\starlette\routing.py", line 297, in handle
    await self.app(scope, receive, send)
  File "C:\Users\ravin\AppData\Local\Programs\Python\Python311\Lib\site-packages\starlette\routing.py", line 77, in app
    await wrap_app_handling_exceptions(app, request)(scope, receive, send)
  File "C:\Users\ravin\AppData\Local\Programs\Python\Python311\Lib\site-packages\starlette\_exception_handler.py", line 64, in wrapped_app
    raise exc
  File "C:\Users\ravin\AppData\Local\Programs\Python\Python311\Lib\site-packages\starlette\_exception_handler.py", line 53, in wrapped_app
    await app(scope, receive, sender)
  File "C:\Users\ravin\AppData\Local\Programs\Python\Python311\Lib\site-packages\starlette\routing.py", line 72, in app
    response = await func(request)
               ^^^^^^^^^^^^^^^^^^^
  File "C:\Users\ravin\AppData\Local\Programs\Python\Python311\Lib\site-packages\fastapi\routing.py", line 301, in app
    raw_response = await run_endpoint_function(
                   ^^^^^^^^^^^^^^^^^^^^^^^^^^^^
  File "C:\Users\ravin\AppData\Local\Programs\Python\Python311\Lib\site-packages\fastapi\routing.py", line 212, in run_endpoint_function
    return await dependant.call(**values)
           ^^^^^^^^^^^^^^^^^^^^^^^^^^^^^^
  File "D:\ravishori\SecureShieldApp\backend\app\routers\wifi.py", line 53, in scan_wifi
    await db.commit()
  File "C:\Users\ravin\AppData\Local\Programs\Python\Python311\Lib\site-packages\sqlalchemy\ext\asyncio\session.py", line 1009, in commit
    await greenlet_spawn(self.sync_session.commit)
  File "C:\Users\ravin\AppData\Local\Programs\Python\Python311\Lib\site-packages\sqlalchemy\util\_concurrency_py3k.py", line 203, in greenlet_spawn
    result = context.switch(value)
             ^^^^^^^^^^^^^^^^^^^^^
  File "C:\Users\ravin\AppData\Local\Programs\Python\Python311\Lib\site-packages\sqlalchemy\orm\session.py", line 2028, in commit
    trans.commit(_to_root=True)
  File "<string>", line 2, in commit
  File "C:\Users\ravin\AppData\Local\Programs\Python\Python311\Lib\site-packages\sqlalchemy\orm\state_changes.py", line 139, in _go
    ret_value = fn(self, *arg, **kw)
                ^^^^^^^^^^^^^^^^^^^^
  File "C:\Users\ravin\AppData\Local\Programs\Python\Python311\Lib\site-packages\sqlalchemy\orm\session.py", line 1313, in commit
    self._prepare_impl()
  File "<string>", line 2, in _prepare_impl
  File "C:\Users\ravin\AppData\Local\Programs\Python\Python311\Lib\site-packages\sqlalchemy\orm\state_changes.py", line 139, in _go
    ret_value = fn(self, *arg, **kw)
                ^^^^^^^^^^^^^^^^^^^^
  File "C:\Users\ravin\AppData\Local\Programs\Python\Python311\Lib\site-packages\sqlalchemy\orm\session.py", line 1288, in _prepare_impl
    self.session.flush()
  File "C:\Users\ravin\AppData\Local\Programs\Python\Python311\Lib\site-packages\sqlalchemy\orm\session.py", line 4352, in flush
    self._flush(objects)
  File "C:\Users\ravin\AppData\Local\Programs\Python\Python311\Lib\site-packages\sqlalchemy\orm\session.py", line 4487, in _flush
    with util.safe_reraise():
  File "C:\Users\ravin\AppData\Local\Programs\Python\Python311\Lib\site-packages\sqlalchemy\util\langhelpers.py", line 146, in __exit__
    raise exc_value.with_traceback(exc_tb)
  File "C:\Users\ravin\AppData\Local\Programs\Python\Python311\Lib\site-packages\sqlalchemy\orm\session.py", line 4448, in _flush
    flush_context.execute()
  File "C:\Users\ravin\AppData\Local\Programs\Python\Python311\Lib\site-packages\sqlalchemy\orm\unitofwork.py", line 466, in execute
    rec.execute(self)
  File "C:\Users\ravin\AppData\Local\Programs\Python\Python311\Lib\site-packages\sqlalchemy\orm\unitofwork.py", line 642, in execute
    util.preloaded.orm_persistence.save_obj(
  File "C:\Users\ravin\AppData\Local\Programs\Python\Python311\Lib\site-packages\sqlalchemy\orm\persistence.py", line 93, in save_obj
    _emit_insert_statements(
  File "C:\Users\ravin\AppData\Local\Programs\Python\Python311\Lib\site-packages\sqlalchemy\orm\persistence.py", line 1233, in _emit_insert_statements
    result = connection.execute(
             ^^^^^^^^^^^^^^^^^^^
  File "C:\Users\ravin\AppData\Local\Programs\Python\Python311\Lib\site-packages\sqlalchemy\engine\base.py", line 1418, in execute
    return meth(
           ^^^^^
  File "C:\Users\ravin\AppData\Local\Programs\Python\Python311\Lib\site-packages\sqlalchemy\sql\elements.py", line 515, in _execute_on_connection
    return connection._execute_clauseelement(
           ^^^^^^^^^^^^^^^^^^^^^^^^^^^^^^^^^^
  File "C:\Users\ravin\AppData\Local\Programs\Python\Python311\Lib\site-packages\sqlalchemy\engine\base.py", line 1640, in _execute_clauseelement
    ret = self._execute_context(
          ^^^^^^^^^^^^^^^^^^^^^^
  File "C:\Users\ravin\AppData\Local\Programs\Python\Python311\Lib\site-packages\sqlalchemy\engine\base.py", line 1846, in _execute_context
    return self._exec_single_context(
           ^^^^^^^^^^^^^^^^^^^^^^^^^^
  File "C:\Users\ravin\AppData\Local\Programs\Python\Python311\Lib\site-packages\sqlalchemy\engine\base.py", line 1986, in _exec_single_context
    self._handle_dbapi_exception(
  File "C:\Users\ravin\AppData\Local\Programs\Python\Python311\Lib\site-packages\sqlalchemy\engine\base.py", line 2355, in _handle_dbapi_exception
    raise sqlalchemy_exception.with_traceback(exc_info[2]) from e
  File "C:\Users\ravin\AppData\Local\Programs\Python\Python311\Lib\site-packages\sqlalchemy\engine\base.py", line 1967, in _exec_single_context
    self.dialect.do_execute(
  File "C:\Users\ravin\AppData\Local\Programs\Python\Python311\Lib\site-packages\sqlalchemy\engine\default.py", line 941, in do_execute
    cursor.execute(statement, parameters)
  File "C:\Users\ravin\AppData\Local\Programs\Python\Python311\Lib\site-packages\sqlalchemy\dialects\postgresql\asyncpg.py", line 568, in execute
    self._adapt_connection.await_(
  File "C:\Users\ravin\AppData\Local\Programs\Python\Python311\Lib\site-packages\sqlalchemy\util\_concurrency_py3k.py", line 132, in await_only
    return current.parent.switch(awaitable)  # type: ignore[no-any-return,attr-defined] # noqa: E501
           ^^^^^^^^^^^^^^^^^^^^^^^^^^^^^^^^
  File "C:\Users\ravin\AppData\Local\Programs\Python\Python311\Lib\site-packages\sqlalchemy\util\_concurrency_py3k.py", line 196, in greenlet_spawn
    value = await result
            ^^^^^^^^^^^^
  File "C:\Users\ravin\AppData\Local\Programs\Python\Python311\Lib\site-packages\sqlalchemy\dialects\postgresql\asyncpg.py", line 546, in _prepare_and_execute
    self._handle_exception(error)
  File "C:\Users\ravin\AppData\Local\Programs\Python\Python311\Lib\site-packages\sqlalchemy\dialects\postgresql\asyncpg.py", line 497, in _handle_exception
    self._adapt_connection._handle_exception(error)
  File "C:\Users\ravin\AppData\Local\Programs\Python\Python311\Lib\site-packages\sqlalchemy\dialects\postgresql\asyncpg.py", line 780, in _handle_exception
    raise translated_error from error
sqlalchemy.exc.IntegrityError: (sqlalchemy.dialects.postgresql.asyncpg.IntegrityError) <class 'asyncpg.exceptions.ForeignKeyViolationError'>: insert or update on table "wifi_scans" violates foreign key constraint "wifi_scans_device_id_fkey"
DETAIL:  Key (device_id)=(00000000-0000-0000-0000-000000000001) is not present in table "devices".
[SQL: INSERT INTO wifi_scans (id, device_id, ssid, bssid, signal_strength, encryption_type, is_open, is_suspicious, risk_level, risk_reasons, scanned_at) VALUES ($1::UUID, $2::UUID, $3::VARCHAR, $4::VARCHAR, $5::INTEGER, $6::VARCHAR, $7::BOOLEAN, $8::BOOLEAN, $9::VARCHAR, $10::JSONB, $11::TIMESTAMP WITHOUT TIME ZONE)]
[parameters: (UUID('b2ad1b06-8cb0-4263-8723-47f38b5508cb'), UUID('00000000-0000-0000-0000-000000000001'), 'Phantom_5g', None, None, 'WPA2', False, False, 'safe', '[]', datetime.datetime(2026, 4, 29, 9, 7, 47, 222514))]
(Background on this error at: https://sqlalche.me/e/20/gkpj)

2026-04-29 14:37:51 | INFO     | secureshield                   | Error alert email sent → ravishori@gmail.com
2026-04-29 21:45:22 | CRITICAL | secureshield./api/v1/wifi/scan | Unhandled exception in request cycle — (sqlalchemy.dialects.postgresql.asyncpg.IntegrityError) <class 'asyncpg.exceptions.ForeignKeyViolationError'>: insert or update on table "wifi_scans" violates foreign key constraint "wifi_scans_device_id_fkey"
DETAIL:  Key (device_id)=(00000000-0000-0000-0000-000000000001) is not present in table "devices".
[SQL: INSERT INTO wifi_scans (id, device_id, ssid, bssid, signal_strength, encryption_type, is_open, is_suspicious, risk_level, risk_reasons, scanned_at) VALUES ($1::UUID, $2::UUID, $3::VARCHAR, $4::VARCHAR, $5::INTEGER, $6::VARCHAR, $7::BOOLEAN, $8::BOOLEAN, $9::VARCHAR, $10::JSONB, $11::TIMESTAMP WITHOUT TIME ZONE)]
[parameters: (UUID('45b5297d-0ea7-48c3-bf85-9e650d0f3627'), UUID('00000000-0000-0000-0000-000000000001'), 'Phantom_5g', None, None, 'WPA2', False, False, 'safe', '[]', datetime.datetime(2026, 4, 29, 16, 15, 22, 176154))]
(Background on this error at: https://sqlalche.me/e/20/gkpj)
2026-04-29 21:45:22 | DEBUG    | secureshield./api/v1/wifi/scan | Traceback:
Traceback (most recent call last):
  File "C:\Users\ravin\AppData\Local\Programs\Python\Python311\Lib\site-packages\sqlalchemy\dialects\postgresql\asyncpg.py", line 534, in _prepare_and_execute
    self._rows = deque(await prepared_stmt.fetch(*parameters))
                       ^^^^^^^^^^^^^^^^^^^^^^^^^^^^^^^^^^^^^^
  File "C:\Users\ravin\AppData\Local\Programs\Python\Python311\Lib\site-packages\asyncpg\prepared_stmt.py", line 176, in fetch
    data = await self.__bind_execute(args, 0, timeout)
           ^^^^^^^^^^^^^^^^^^^^^^^^^^^^^^^^^^^^^^^^^^^
  File "C:\Users\ravin\AppData\Local\Programs\Python\Python311\Lib\site-packages\asyncpg\prepared_stmt.py", line 241, in __bind_execute
    data, status, _ = await self.__do_execute(
                      ^^^^^^^^^^^^^^^^^^^^^^^^
  File "C:\Users\ravin\AppData\Local\Programs\Python\Python311\Lib\site-packages\asyncpg\prepared_stmt.py", line 230, in __do_execute
    return await executor(protocol)
           ^^^^^^^^^^^^^^^^^^^^^^^^
  File "asyncpg\protocol\protocol.pyx", line 207, in bind_execute
asyncpg.exceptions.ForeignKeyViolationError: insert or update on table "wifi_scans" violates foreign key constraint "wifi_scans_device_id_fkey"
DETAIL:  Key (device_id)=(00000000-0000-0000-0000-000000000001) is not present in table "devices".

The above exception was the direct cause of the following exception:

Traceback (most recent call last):
  File "C:\Users\ravin\AppData\Local\Programs\Python\Python311\Lib\site-packages\sqlalchemy\engine\base.py", line 1967, in _exec_single_context
    self.dialect.do_execute(
  File "C:\Users\ravin\AppData\Local\Programs\Python\Python311\Lib\site-packages\sqlalchemy\engine\default.py", line 941, in do_execute
    cursor.execute(statement, parameters)
  File "C:\Users\ravin\AppData\Local\Programs\Python\Python311\Lib\site-packages\sqlalchemy\dialects\postgresql\asyncpg.py", line 568, in execute
    self._adapt_connection.await_(
  File "C:\Users\ravin\AppData\Local\Programs\Python\Python311\Lib\site-packages\sqlalchemy\util\_concurrency_py3k.py", line 132, in await_only
    return current.parent.switch(awaitable)  # type: ignore[no-any-return,attr-defined] # noqa: E501
           ^^^^^^^^^^^^^^^^^^^^^^^^^^^^^^^^
  File "C:\Users\ravin\AppData\Local\Programs\Python\Python311\Lib\site-packages\sqlalchemy\util\_concurrency_py3k.py", line 196, in greenlet_spawn
    value = await result
            ^^^^^^^^^^^^
  File "C:\Users\ravin\AppData\Local\Programs\Python\Python311\Lib\site-packages\sqlalchemy\dialects\postgresql\asyncpg.py", line 546, in _prepare_and_execute
    self._handle_exception(error)
  File "C:\Users\ravin\AppData\Local\Programs\Python\Python311\Lib\site-packages\sqlalchemy\dialects\postgresql\asyncpg.py", line 497, in _handle_exception
    self._adapt_connection._handle_exception(error)
  File "C:\Users\ravin\AppData\Local\Programs\Python\Python311\Lib\site-packages\sqlalchemy\dialects\postgresql\asyncpg.py", line 780, in _handle_exception
    raise translated_error from error
sqlalchemy.dialects.postgresql.asyncpg.AsyncAdapt_asyncpg_dbapi.IntegrityError: <class 'asyncpg.exceptions.ForeignKeyViolationError'>: insert or update on table "wifi_scans" violates foreign key constraint "wifi_scans_device_id_fkey"
DETAIL:  Key (device_id)=(00000000-0000-0000-0000-000000000001) is not present in table "devices".

The above exception was the direct cause of the following exception:

Traceback (most recent call last):
  File "D:\ravishori\SecureShieldApp\backend\app\middleware\error_handler.py", line 29, in dispatch
    response = await call_next(request)
               ^^^^^^^^^^^^^^^^^^^^^^^^
  File "C:\Users\ravin\AppData\Local\Programs\Python\Python311\Lib\site-packages\starlette\middleware\base.py", line 165, in call_next
    raise app_exc
  File "C:\Users\ravin\AppData\Local\Programs\Python\Python311\Lib\site-packages\starlette\middleware\base.py", line 151, in coro
    await self.app(scope, receive_or_disconnect, send_no_error)
  File "C:\Users\ravin\AppData\Local\Programs\Python\Python311\Lib\site-packages\starlette\middleware\exceptions.py", line 65, in __call__
    await wrap_app_handling_exceptions(self.app, conn)(scope, receive, send)
  File "C:\Users\ravin\AppData\Local\Programs\Python\Python311\Lib\site-packages\starlette\_exception_handler.py", line 64, in wrapped_app
    raise exc
  File "C:\Users\ravin\AppData\Local\Programs\Python\Python311\Lib\site-packages\starlette\_exception_handler.py", line 53, in wrapped_app
    await app(scope, receive, sender)
  File "C:\Users\ravin\AppData\Local\Programs\Python\Python311\Lib\site-packages\starlette\routing.py", line 756, in __call__
    await self.middleware_stack(scope, receive, send)
  File "C:\Users\ravin\AppData\Local\Programs\Python\Python311\Lib\site-packages\starlette\routing.py", line 776, in app
    await route.handle(scope, receive, send)
  File "C:\Users\ravin\AppData\Local\Programs\Python\Python311\Lib\site-packages\starlette\routing.py", line 297, in handle
    await self.app(scope, receive, send)
  File "C:\Users\ravin\AppData\Local\Programs\Python\Python311\Lib\site-packages\starlette\routing.py", line 77, in app
    await wrap_app_handling_exceptions(app, request)(scope, receive, send)
  File "C:\Users\ravin\AppData\Local\Programs\Python\Python311\Lib\site-packages\starlette\_exception_handler.py", line 64, in wrapped_app
    raise exc
  File "C:\Users\ravin\AppData\Local\Programs\Python\Python311\Lib\site-packages\starlette\_exception_handler.py", line 53, in wrapped_app
    await app(scope, receive, sender)
  File "C:\Users\ravin\AppData\Local\Programs\Python\Python311\Lib\site-packages\starlette\routing.py", line 72, in app
    response = await func(request)
               ^^^^^^^^^^^^^^^^^^^
  File "C:\Users\ravin\AppData\Local\Programs\Python\Python311\Lib\site-packages\fastapi\routing.py", line 301, in app
    raw_response = await run_endpoint_function(
                   ^^^^^^^^^^^^^^^^^^^^^^^^^^^^
  File "C:\Users\ravin\AppData\Local\Programs\Python\Python311\Lib\site-packages\fastapi\routing.py", line 212, in run_endpoint_function
    return await dependant.call(**values)
           ^^^^^^^^^^^^^^^^^^^^^^^^^^^^^^
  File "D:\ravishori\SecureShieldApp\backend\app\routers\wifi.py", line 53, in scan_wifi
    await db.commit()
  File "C:\Users\ravin\AppData\Local\Programs\Python\Python311\Lib\site-packages\sqlalchemy\ext\asyncio\session.py", line 1009, in commit
    await greenlet_spawn(self.sync_session.commit)
  File "C:\Users\ravin\AppData\Local\Programs\Python\Python311\Lib\site-packages\sqlalchemy\util\_concurrency_py3k.py", line 203, in greenlet_spawn
    result = context.switch(value)
             ^^^^^^^^^^^^^^^^^^^^^
  File "C:\Users\ravin\AppData\Local\Programs\Python\Python311\Lib\site-packages\sqlalchemy\orm\session.py", line 2028, in commit
    trans.commit(_to_root=True)
  File "<string>", line 2, in commit
  File "C:\Users\ravin\AppData\Local\Programs\Python\Python311\Lib\site-packages\sqlalchemy\orm\state_changes.py", line 139, in _go
    ret_value = fn(self, *arg, **kw)
                ^^^^^^^^^^^^^^^^^^^^
  File "C:\Users\ravin\AppData\Local\Programs\Python\Python311\Lib\site-packages\sqlalchemy\orm\session.py", line 1313, in commit
    self._prepare_impl()
  File "<string>", line 2, in _prepare_impl
  File "C:\Users\ravin\AppData\Local\Programs\Python\Python311\Lib\site-packages\sqlalchemy\orm\state_changes.py", line 139, in _go
    ret_value = fn(self, *arg, **kw)
                ^^^^^^^^^^^^^^^^^^^^
  File "C:\Users\ravin\AppData\Local\Programs\Python\Python311\Lib\site-packages\sqlalchemy\orm\session.py", line 1288, in _prepare_impl
    self.session.flush()
  File "C:\Users\ravin\AppData\Local\Programs\Python\Python311\Lib\site-packages\sqlalchemy\orm\session.py", line 4352, in flush
    self._flush(objects)
  File "C:\Users\ravin\AppData\Local\Programs\Python\Python311\Lib\site-packages\sqlalchemy\orm\session.py", line 4487, in _flush
    with util.safe_reraise():
  File "C:\Users\ravin\AppData\Local\Programs\Python\Python311\Lib\site-packages\sqlalchemy\util\langhelpers.py", line 146, in __exit__
    raise exc_value.with_traceback(exc_tb)
  File "C:\Users\ravin\AppData\Local\Programs\Python\Python311\Lib\site-packages\sqlalchemy\orm\session.py", line 4448, in _flush
    flush_context.execute()
  File "C:\Users\ravin\AppData\Local\Programs\Python\Python311\Lib\site-packages\sqlalchemy\orm\unitofwork.py", line 466, in execute
    rec.execute(self)
  File "C:\Users\ravin\AppData\Local\Programs\Python\Python311\Lib\site-packages\sqlalchemy\orm\unitofwork.py", line 642, in execute
    util.preloaded.orm_persistence.save_obj(
  File "C:\Users\ravin\AppData\Local\Programs\Python\Python311\Lib\site-packages\sqlalchemy\orm\persistence.py", line 93, in save_obj
    _emit_insert_statements(
  File "C:\Users\ravin\AppData\Local\Programs\Python\Python311\Lib\site-packages\sqlalchemy\orm\persistence.py", line 1233, in _emit_insert_statements
    result = connection.execute(
             ^^^^^^^^^^^^^^^^^^^
  File "C:\Users\ravin\AppData\Local\Programs\Python\Python311\Lib\site-packages\sqlalchemy\engine\base.py", line 1418, in execute
    return meth(
           ^^^^^
  File "C:\Users\ravin\AppData\Local\Programs\Python\Python311\Lib\site-packages\sqlalchemy\sql\elements.py", line 515, in _execute_on_connection
    return connection._execute_clauseelement(
           ^^^^^^^^^^^^^^^^^^^^^^^^^^^^^^^^^^
  File "C:\Users\ravin\AppData\Local\Programs\Python\Python311\Lib\site-packages\sqlalchemy\engine\base.py", line 1640, in _execute_clauseelement
    ret = self._execute_context(
          ^^^^^^^^^^^^^^^^^^^^^^
  File "C:\Users\ravin\AppData\Local\Programs\Python\Python311\Lib\site-packages\sqlalchemy\engine\base.py", line 1846, in _execute_context
    return self._exec_single_context(
           ^^^^^^^^^^^^^^^^^^^^^^^^^^
  File "C:\Users\ravin\AppData\Local\Programs\Python\Python311\Lib\site-packages\sqlalchemy\engine\base.py", line 1986, in _exec_single_context
    self._handle_dbapi_exception(
  File "C:\Users\ravin\AppData\Local\Programs\Python\Python311\Lib\site-packages\sqlalchemy\engine\base.py", line 2355, in _handle_dbapi_exception
    raise sqlalchemy_exception.with_traceback(exc_info[2]) from e
  File "C:\Users\ravin\AppData\Local\Programs\Python\Python311\Lib\site-packages\sqlalchemy\engine\base.py", line 1967, in _exec_single_context
    self.dialect.do_execute(
  File "C:\Users\ravin\AppData\Local\Programs\Python\Python311\Lib\site-packages\sqlalchemy\engine\default.py", line 941, in do_execute
    cursor.execute(statement, parameters)
  File "C:\Users\ravin\AppData\Local\Programs\Python\Python311\Lib\site-packages\sqlalchemy\dialects\postgresql\asyncpg.py", line 568, in execute
    self._adapt_connection.await_(
  File "C:\Users\ravin\AppData\Local\Programs\Python\Python311\Lib\site-packages\sqlalchemy\util\_concurrency_py3k.py", line 132, in await_only
    return current.parent.switch(awaitable)  # type: ignore[no-any-return,attr-defined] # noqa: E501
           ^^^^^^^^^^^^^^^^^^^^^^^^^^^^^^^^
  File "C:\Users\ravin\AppData\Local\Programs\Python\Python311\Lib\site-packages\sqlalchemy\util\_concurrency_py3k.py", line 196, in greenlet_spawn
    value = await result
            ^^^^^^^^^^^^
  File "C:\Users\ravin\AppData\Local\Programs\Python\Python311\Lib\site-packages\sqlalchemy\dialects\postgresql\asyncpg.py", line 546, in _prepare_and_execute
    self._handle_exception(error)
  File "C:\Users\ravin\AppData\Local\Programs\Python\Python311\Lib\site-packages\sqlalchemy\dialects\postgresql\asyncpg.py", line 497, in _handle_exception
    self._adapt_connection._handle_exception(error)
  File "C:\Users\ravin\AppData\Local\Programs\Python\Python311\Lib\site-packages\sqlalchemy\dialects\postgresql\asyncpg.py", line 780, in _handle_exception
    raise translated_error from error
sqlalchemy.exc.IntegrityError: (sqlalchemy.dialects.postgresql.asyncpg.IntegrityError) <class 'asyncpg.exceptions.ForeignKeyViolationError'>: insert or update on table "wifi_scans" violates foreign key constraint "wifi_scans_device_id_fkey"
DETAIL:  Key (device_id)=(00000000-0000-0000-0000-000000000001) is not present in table "devices".
[SQL: INSERT INTO wifi_scans (id, device_id, ssid, bssid, signal_strength, encryption_type, is_open, is_suspicious, risk_level, risk_reasons, scanned_at) VALUES ($1::UUID, $2::UUID, $3::VARCHAR, $4::VARCHAR, $5::INTEGER, $6::VARCHAR, $7::BOOLEAN, $8::BOOLEAN, $9::VARCHAR, $10::JSONB, $11::TIMESTAMP WITHOUT TIME ZONE)]
[parameters: (UUID('45b5297d-0ea7-48c3-bf85-9e650d0f3627'), UUID('00000000-0000-0000-0000-000000000001'), 'Phantom_5g', None, None, 'WPA2', False, False, 'safe', '[]', datetime.datetime(2026, 4, 29, 16, 15, 22, 176154))]
(Background on this error at: https://sqlalche.me/e/20/gkpj)

2026-04-29 21:45:25 | CRITICAL | secureshield./api/v1/wifi/scan | Unhandled exception in request cycle — (sqlalchemy.dialects.postgresql.asyncpg.IntegrityError) <class 'asyncpg.exceptions.ForeignKeyViolationError'>: insert or update on table "wifi_scans" violates foreign key constraint "wifi_scans_device_id_fkey"
DETAIL:  Key (device_id)=(00000000-0000-0000-0000-000000000001) is not present in table "devices".
[SQL: INSERT INTO wifi_scans (id, device_id, ssid, bssid, signal_strength, encryption_type, is_open, is_suspicious, risk_level, risk_reasons, scanned_at) VALUES ($1::UUID, $2::UUID, $3::VARCHAR, $4::VARCHAR, $5::INTEGER, $6::VARCHAR, $7::BOOLEAN, $8::BOOLEAN, $9::VARCHAR, $10::JSONB, $11::TIMESTAMP WITHOUT TIME ZONE)]
[parameters: (UUID('e2ead026-3b6f-46e1-a5db-2c80f1dcb1fc'), UUID('00000000-0000-0000-0000-000000000001'), 'Phantom_5g', None, None, 'WPA2', False, False, 'safe', '[]', datetime.datetime(2026, 4, 29, 16, 15, 25, 446551))]
(Background on this error at: https://sqlalche.me/e/20/gkpj)
2026-04-29 21:45:25 | DEBUG    | secureshield./api/v1/wifi/scan | Traceback:
Traceback (most recent call last):
  File "C:\Users\ravin\AppData\Local\Programs\Python\Python311\Lib\site-packages\sqlalchemy\dialects\postgresql\asyncpg.py", line 534, in _prepare_and_execute
    self._rows = deque(await prepared_stmt.fetch(*parameters))
                       ^^^^^^^^^^^^^^^^^^^^^^^^^^^^^^^^^^^^^^
  File "C:\Users\ravin\AppData\Local\Programs\Python\Python311\Lib\site-packages\asyncpg\prepared_stmt.py", line 176, in fetch
    data = await self.__bind_execute(args, 0, timeout)
           ^^^^^^^^^^^^^^^^^^^^^^^^^^^^^^^^^^^^^^^^^^^
  File "C:\Users\ravin\AppData\Local\Programs\Python\Python311\Lib\site-packages\asyncpg\prepared_stmt.py", line 241, in __bind_execute
    data, status, _ = await self.__do_execute(
                      ^^^^^^^^^^^^^^^^^^^^^^^^
  File "C:\Users\ravin\AppData\Local\Programs\Python\Python311\Lib\site-packages\asyncpg\prepared_stmt.py", line 230, in __do_execute
    return await executor(protocol)
           ^^^^^^^^^^^^^^^^^^^^^^^^
  File "asyncpg\protocol\protocol.pyx", line 207, in bind_execute
asyncpg.exceptions.ForeignKeyViolationError: insert or update on table "wifi_scans" violates foreign key constraint "wifi_scans_device_id_fkey"
DETAIL:  Key (device_id)=(00000000-0000-0000-0000-000000000001) is not present in table "devices".

The above exception was the direct cause of the following exception:

Traceback (most recent call last):
  File "C:\Users\ravin\AppData\Local\Programs\Python\Python311\Lib\site-packages\sqlalchemy\engine\base.py", line 1967, in _exec_single_context
    self.dialect.do_execute(
  File "C:\Users\ravin\AppData\Local\Programs\Python\Python311\Lib\site-packages\sqlalchemy\engine\default.py", line 941, in do_execute
    cursor.execute(statement, parameters)
  File "C:\Users\ravin\AppData\Local\Programs\Python\Python311\Lib\site-packages\sqlalchemy\dialects\postgresql\asyncpg.py", line 568, in execute
    self._adapt_connection.await_(
  File "C:\Users\ravin\AppData\Local\Programs\Python\Python311\Lib\site-packages\sqlalchemy\util\_concurrency_py3k.py", line 132, in await_only
    return current.parent.switch(awaitable)  # type: ignore[no-any-return,attr-defined] # noqa: E501
           ^^^^^^^^^^^^^^^^^^^^^^^^^^^^^^^^
  File "C:\Users\ravin\AppData\Local\Programs\Python\Python311\Lib\site-packages\sqlalchemy\util\_concurrency_py3k.py", line 196, in greenlet_spawn
    value = await result
            ^^^^^^^^^^^^
  File "C:\Users\ravin\AppData\Local\Programs\Python\Python311\Lib\site-packages\sqlalchemy\dialects\postgresql\asyncpg.py", line 546, in _prepare_and_execute
    self._handle_exception(error)
  File "C:\Users\ravin\AppData\Local\Programs\Python\Python311\Lib\site-packages\sqlalchemy\dialects\postgresql\asyncpg.py", line 497, in _handle_exception
    self._adapt_connection._handle_exception(error)
  File "C:\Users\ravin\AppData\Local\Programs\Python\Python311\Lib\site-packages\sqlalchemy\dialects\postgresql\asyncpg.py", line 780, in _handle_exception
    raise translated_error from error
sqlalchemy.dialects.postgresql.asyncpg.AsyncAdapt_asyncpg_dbapi.IntegrityError: <class 'asyncpg.exceptions.ForeignKeyViolationError'>: insert or update on table "wifi_scans" violates foreign key constraint "wifi_scans_device_id_fkey"
DETAIL:  Key (device_id)=(00000000-0000-0000-0000-000000000001) is not present in table "devices".

The above exception was the direct cause of the following exception:

Traceback (most recent call last):
  File "D:\ravishori\SecureShieldApp\backend\app\middleware\error_handler.py", line 29, in dispatch
    response = await call_next(request)
               ^^^^^^^^^^^^^^^^^^^^^^^^
  File "C:\Users\ravin\AppData\Local\Programs\Python\Python311\Lib\site-packages\starlette\middleware\base.py", line 165, in call_next
    raise app_exc
  File "C:\Users\ravin\AppData\Local\Programs\Python\Python311\Lib\site-packages\starlette\middleware\base.py", line 151, in coro
    await self.app(scope, receive_or_disconnect, send_no_error)
  File "C:\Users\ravin\AppData\Local\Programs\Python\Python311\Lib\site-packages\starlette\middleware\exceptions.py", line 65, in __call__
    await wrap_app_handling_exceptions(self.app, conn)(scope, receive, send)
  File "C:\Users\ravin\AppData\Local\Programs\Python\Python311\Lib\site-packages\starlette\_exception_handler.py", line 64, in wrapped_app
    raise exc
  File "C:\Users\ravin\AppData\Local\Programs\Python\Python311\Lib\site-packages\starlette\_exception_handler.py", line 53, in wrapped_app
    await app(scope, receive, sender)
  File "C:\Users\ravin\AppData\Local\Programs\Python\Python311\Lib\site-packages\starlette\routing.py", line 756, in __call__
    await self.middleware_stack(scope, receive, send)
  File "C:\Users\ravin\AppData\Local\Programs\Python\Python311\Lib\site-packages\starlette\routing.py", line 776, in app
    await route.handle(scope, receive, send)
  File "C:\Users\ravin\AppData\Local\Programs\Python\Python311\Lib\site-packages\starlette\routing.py", line 297, in handle
    await self.app(scope, receive, send)
  File "C:\Users\ravin\AppData\Local\Programs\Python\Python311\Lib\site-packages\starlette\routing.py", line 77, in app
    await wrap_app_handling_exceptions(app, request)(scope, receive, send)
  File "C:\Users\ravin\AppData\Local\Programs\Python\Python311\Lib\site-packages\starlette\_exception_handler.py", line 64, in wrapped_app
    raise exc
  File "C:\Users\ravin\AppData\Local\Programs\Python\Python311\Lib\site-packages\starlette\_exception_handler.py", line 53, in wrapped_app
    await app(scope, receive, sender)
  File "C:\Users\ravin\AppData\Local\Programs\Python\Python311\Lib\site-packages\starlette\routing.py", line 72, in app
    response = await func(request)
               ^^^^^^^^^^^^^^^^^^^
  File "C:\Users\ravin\AppData\Local\Programs\Python\Python311\Lib\site-packages\fastapi\routing.py", line 301, in app
    raw_response = await run_endpoint_function(
                   ^^^^^^^^^^^^^^^^^^^^^^^^^^^^
  File "C:\Users\ravin\AppData\Local\Programs\Python\Python311\Lib\site-packages\fastapi\routing.py", line 212, in run_endpoint_function
    return await dependant.call(**values)
           ^^^^^^^^^^^^^^^^^^^^^^^^^^^^^^
  File "D:\ravishori\SecureShieldApp\backend\app\routers\wifi.py", line 53, in scan_wifi
    await db.commit()
  File "C:\Users\ravin\AppData\Local\Programs\Python\Python311\Lib\site-packages\sqlalchemy\ext\asyncio\session.py", line 1009, in commit
    await greenlet_spawn(self.sync_session.commit)
  File "C:\Users\ravin\AppData\Local\Programs\Python\Python311\Lib\site-packages\sqlalchemy\util\_concurrency_py3k.py", line 203, in greenlet_spawn
    result = context.switch(value)
             ^^^^^^^^^^^^^^^^^^^^^
  File "C:\Users\ravin\AppData\Local\Programs\Python\Python311\Lib\site-packages\sqlalchemy\orm\session.py", line 2028, in commit
    trans.commit(_to_root=True)
  File "<string>", line 2, in commit
  File "C:\Users\ravin\AppData\Local\Programs\Python\Python311\Lib\site-packages\sqlalchemy\orm\state_changes.py", line 139, in _go
    ret_value = fn(self, *arg, **kw)
                ^^^^^^^^^^^^^^^^^^^^
  File "C:\Users\ravin\AppData\Local\Programs\Python\Python311\Lib\site-packages\sqlalchemy\orm\session.py", line 1313, in commit
    self._prepare_impl()
  File "<string>", line 2, in _prepare_impl
  File "C:\Users\ravin\AppData\Local\Programs\Python\Python311\Lib\site-packages\sqlalchemy\orm\state_changes.py", line 139, in _go
    ret_value = fn(self, *arg, **kw)
                ^^^^^^^^^^^^^^^^^^^^
  File "C:\Users\ravin\AppData\Local\Programs\Python\Python311\Lib\site-packages\sqlalchemy\orm\session.py", line 1288, in _prepare_impl
    self.session.flush()
  File "C:\Users\ravin\AppData\Local\Programs\Python\Python311\Lib\site-packages\sqlalchemy\orm\session.py", line 4352, in flush
    self._flush(objects)
  File "C:\Users\ravin\AppData\Local\Programs\Python\Python311\Lib\site-packages\sqlalchemy\orm\session.py", line 4487, in _flush
    with util.safe_reraise():
  File "C:\Users\ravin\AppData\Local\Programs\Python\Python311\Lib\site-packages\sqlalchemy\util\langhelpers.py", line 146, in __exit__
    raise exc_value.with_traceback(exc_tb)
  File "C:\Users\ravin\AppData\Local\Programs\Python\Python311\Lib\site-packages\sqlalchemy\orm\session.py", line 4448, in _flush
    flush_context.execute()
  File "C:\Users\ravin\AppData\Local\Programs\Python\Python311\Lib\site-packages\sqlalchemy\orm\unitofwork.py", line 466, in execute
    rec.execute(self)
  File "C:\Users\ravin\AppData\Local\Programs\Python\Python311\Lib\site-packages\sqlalchemy\orm\unitofwork.py", line 642, in execute
    util.preloaded.orm_persistence.save_obj(
  File "C:\Users\ravin\AppData\Local\Programs\Python\Python311\Lib\site-packages\sqlalchemy\orm\persistence.py", line 93, in save_obj
    _emit_insert_statements(
  File "C:\Users\ravin\AppData\Local\Programs\Python\Python311\Lib\site-packages\sqlalchemy\orm\persistence.py", line 1233, in _emit_insert_statements
    result = connection.execute(
             ^^^^^^^^^^^^^^^^^^^
  File "C:\Users\ravin\AppData\Local\Programs\Python\Python311\Lib\site-packages\sqlalchemy\engine\base.py", line 1418, in execute
    return meth(
           ^^^^^
  File "C:\Users\ravin\AppData\Local\Programs\Python\Python311\Lib\site-packages\sqlalchemy\sql\elements.py", line 515, in _execute_on_connection
    return connection._execute_clauseelement(
           ^^^^^^^^^^^^^^^^^^^^^^^^^^^^^^^^^^
  File "C:\Users\ravin\AppData\Local\Programs\Python\Python311\Lib\site-packages\sqlalchemy\engine\base.py", line 1640, in _execute_clauseelement
    ret = self._execute_context(
          ^^^^^^^^^^^^^^^^^^^^^^
  File "C:\Users\ravin\AppData\Local\Programs\Python\Python311\Lib\site-packages\sqlalchemy\engine\base.py", line 1846, in _execute_context
    return self._exec_single_context(
           ^^^^^^^^^^^^^^^^^^^^^^^^^^
  File "C:\Users\ravin\AppData\Local\Programs\Python\Python311\Lib\site-packages\sqlalchemy\engine\base.py", line 1986, in _exec_single_context
    self._handle_dbapi_exception(
  File "C:\Users\ravin\AppData\Local\Programs\Python\Python311\Lib\site-packages\sqlalchemy\engine\base.py", line 2355, in _handle_dbapi_exception
    raise sqlalchemy_exception.with_traceback(exc_info[2]) from e
  File "C:\Users\ravin\AppData\Local\Programs\Python\Python311\Lib\site-packages\sqlalchemy\engine\base.py", line 1967, in _exec_single_context
    self.dialect.do_execute(
  File "C:\Users\ravin\AppData\Local\Programs\Python\Python311\Lib\site-packages\sqlalchemy\engine\default.py", line 941, in do_execute
    cursor.execute(statement, parameters)
  File "C:\Users\ravin\AppData\Local\Programs\Python\Python311\Lib\site-packages\sqlalchemy\dialects\postgresql\asyncpg.py", line 568, in execute
    self._adapt_connection.await_(
  File "C:\Users\ravin\AppData\Local\Programs\Python\Python311\Lib\site-packages\sqlalchemy\util\_concurrency_py3k.py", line 132, in await_only
    return current.parent.switch(awaitable)  # type: ignore[no-any-return,attr-defined] # noqa: E501
           ^^^^^^^^^^^^^^^^^^^^^^^^^^^^^^^^
  File "C:\Users\ravin\AppData\Local\Programs\Python\Python311\Lib\site-packages\sqlalchemy\util\_concurrency_py3k.py", line 196, in greenlet_spawn
    value = await result
            ^^^^^^^^^^^^
  File "C:\Users\ravin\AppData\Local\Programs\Python\Python311\Lib\site-packages\sqlalchemy\dialects\postgresql\asyncpg.py", line 546, in _prepare_and_execute
    self._handle_exception(error)
  File "C:\Users\ravin\AppData\Local\Programs\Python\Python311\Lib\site-packages\sqlalchemy\dialects\postgresql\asyncpg.py", line 497, in _handle_exception
    self._adapt_connection._handle_exception(error)
  File "C:\Users\ravin\AppData\Local\Programs\Python\Python311\Lib\site-packages\sqlalchemy\dialects\postgresql\asyncpg.py", line 780, in _handle_exception
    raise translated_error from error
sqlalchemy.exc.IntegrityError: (sqlalchemy.dialects.postgresql.asyncpg.IntegrityError) <class 'asyncpg.exceptions.ForeignKeyViolationError'>: insert or update on table "wifi_scans" violates foreign key constraint "wifi_scans_device_id_fkey"
DETAIL:  Key (device_id)=(00000000-0000-0000-0000-000000000001) is not present in table "devices".
[SQL: INSERT INTO wifi_scans (id, device_id, ssid, bssid, signal_strength, encryption_type, is_open, is_suspicious, risk_level, risk_reasons, scanned_at) VALUES ($1::UUID, $2::UUID, $3::VARCHAR, $4::VARCHAR, $5::INTEGER, $6::VARCHAR, $7::BOOLEAN, $8::BOOLEAN, $9::VARCHAR, $10::JSONB, $11::TIMESTAMP WITHOUT TIME ZONE)]
[parameters: (UUID('e2ead026-3b6f-46e1-a5db-2c80f1dcb1fc'), UUID('00000000-0000-0000-0000-000000000001'), 'Phantom_5g', None, None, 'WPA2', False, False, 'safe', '[]', datetime.datetime(2026, 4, 29, 16, 15, 25, 446551))]
(Background on this error at: https://sqlalche.me/e/20/gkpj)

2026-04-29 21:45:26 | INFO     | secureshield                   | Error alert email sent → ravishori@gmail.com
2026-04-29 21:45:29 | INFO     | secureshield                   | Error alert email sent → ravishori@gmail.com
2026-04-29 21:45:38 | CRITICAL | secureshield./api/v1/wifi/scan | Unhandled exception in request cycle — (sqlalchemy.dialects.postgresql.asyncpg.IntegrityError) <class 'asyncpg.exceptions.ForeignKeyViolationError'>: insert or update on table "wifi_scans" violates foreign key constraint "wifi_scans_device_id_fkey"
DETAIL:  Key (device_id)=(00000000-0000-0000-0000-000000000001) is not present in table "devices".
[SQL: INSERT INTO wifi_scans (id, device_id, ssid, bssid, signal_strength, encryption_type, is_open, is_suspicious, risk_level, risk_reasons, scanned_at) VALUES ($1::UUID, $2::UUID, $3::VARCHAR, $4::VARCHAR, $5::INTEGER, $6::VARCHAR, $7::BOOLEAN, $8::BOOLEAN, $9::VARCHAR, $10::JSONB, $11::TIMESTAMP WITHOUT TIME ZONE)]
[parameters: (UUID('5e8c2922-bca9-483a-86a4-0cd3e3bcff0a'), UUID('00000000-0000-0000-0000-000000000001'), 'Phantom_5g', None, None, 'WPA2', False, False, 'safe', '[]', datetime.datetime(2026, 4, 29, 16, 15, 38, 144384))]
(Background on this error at: https://sqlalche.me/e/20/gkpj)
2026-04-29 21:45:38 | DEBUG    | secureshield./api/v1/wifi/scan | Traceback:
Traceback (most recent call last):
  File "C:\Users\ravin\AppData\Local\Programs\Python\Python311\Lib\site-packages\sqlalchemy\dialects\postgresql\asyncpg.py", line 534, in _prepare_and_execute
    self._rows = deque(await prepared_stmt.fetch(*parameters))
                       ^^^^^^^^^^^^^^^^^^^^^^^^^^^^^^^^^^^^^^
  File "C:\Users\ravin\AppData\Local\Programs\Python\Python311\Lib\site-packages\asyncpg\prepared_stmt.py", line 176, in fetch
    data = await self.__bind_execute(args, 0, timeout)
           ^^^^^^^^^^^^^^^^^^^^^^^^^^^^^^^^^^^^^^^^^^^
  File "C:\Users\ravin\AppData\Local\Programs\Python\Python311\Lib\site-packages\asyncpg\prepared_stmt.py", line 241, in __bind_execute
    data, status, _ = await self.__do_execute(
                      ^^^^^^^^^^^^^^^^^^^^^^^^
  File "C:\Users\ravin\AppData\Local\Programs\Python\Python311\Lib\site-packages\asyncpg\prepared_stmt.py", line 230, in __do_execute
    return await executor(protocol)
           ^^^^^^^^^^^^^^^^^^^^^^^^
  File "asyncpg\protocol\protocol.pyx", line 207, in bind_execute
asyncpg.exceptions.ForeignKeyViolationError: insert or update on table "wifi_scans" violates foreign key constraint "wifi_scans_device_id_fkey"
DETAIL:  Key (device_id)=(00000000-0000-0000-0000-000000000001) is not present in table "devices".

The above exception was the direct cause of the following exception:

Traceback (most recent call last):
  File "C:\Users\ravin\AppData\Local\Programs\Python\Python311\Lib\site-packages\sqlalchemy\engine\base.py", line 1967, in _exec_single_context
    self.dialect.do_execute(
  File "C:\Users\ravin\AppData\Local\Programs\Python\Python311\Lib\site-packages\sqlalchemy\engine\default.py", line 941, in do_execute
    cursor.execute(statement, parameters)
  File "C:\Users\ravin\AppData\Local\Programs\Python\Python311\Lib\site-packages\sqlalchemy\dialects\postgresql\asyncpg.py", line 568, in execute
    self._adapt_connection.await_(
  File "C:\Users\ravin\AppData\Local\Programs\Python\Python311\Lib\site-packages\sqlalchemy\util\_concurrency_py3k.py", line 132, in await_only
    return current.parent.switch(awaitable)  # type: ignore[no-any-return,attr-defined] # noqa: E501
           ^^^^^^^^^^^^^^^^^^^^^^^^^^^^^^^^
  File "C:\Users\ravin\AppData\Local\Programs\Python\Python311\Lib\site-packages\sqlalchemy\util\_concurrency_py3k.py", line 196, in greenlet_spawn
    value = await result
            ^^^^^^^^^^^^
  File "C:\Users\ravin\AppData\Local\Programs\Python\Python311\Lib\site-packages\sqlalchemy\dialects\postgresql\asyncpg.py", line 546, in _prepare_and_execute
    self._handle_exception(error)
  File "C:\Users\ravin\AppData\Local\Programs\Python\Python311\Lib\site-packages\sqlalchemy\dialects\postgresql\asyncpg.py", line 497, in _handle_exception
    self._adapt_connection._handle_exception(error)
  File "C:\Users\ravin\AppData\Local\Programs\Python\Python311\Lib\site-packages\sqlalchemy\dialects\postgresql\asyncpg.py", line 780, in _handle_exception
    raise translated_error from error
sqlalchemy.dialects.postgresql.asyncpg.AsyncAdapt_asyncpg_dbapi.IntegrityError: <class 'asyncpg.exceptions.ForeignKeyViolationError'>: insert or update on table "wifi_scans" violates foreign key constraint "wifi_scans_device_id_fkey"
DETAIL:  Key (device_id)=(00000000-0000-0000-0000-000000000001) is not present in table "devices".

The above exception was the direct cause of the following exception:

Traceback (most recent call last):
  File "D:\ravishori\SecureShieldApp\backend\app\middleware\error_handler.py", line 29, in dispatch
    response = await call_next(request)
               ^^^^^^^^^^^^^^^^^^^^^^^^
  File "C:\Users\ravin\AppData\Local\Programs\Python\Python311\Lib\site-packages\starlette\middleware\base.py", line 165, in call_next
    raise app_exc
  File "C:\Users\ravin\AppData\Local\Programs\Python\Python311\Lib\site-packages\starlette\middleware\base.py", line 151, in coro
    await self.app(scope, receive_or_disconnect, send_no_error)
  File "C:\Users\ravin\AppData\Local\Programs\Python\Python311\Lib\site-packages\starlette\middleware\exceptions.py", line 65, in __call__
    await wrap_app_handling_exceptions(self.app, conn)(scope, receive, send)
  File "C:\Users\ravin\AppData\Local\Programs\Python\Python311\Lib\site-packages\starlette\_exception_handler.py", line 64, in wrapped_app
    raise exc
  File "C:\Users\ravin\AppData\Local\Programs\Python\Python311\Lib\site-packages\starlette\_exception_handler.py", line 53, in wrapped_app
    await app(scope, receive, sender)
  File "C:\Users\ravin\AppData\Local\Programs\Python\Python311\Lib\site-packages\starlette\routing.py", line 756, in __call__
    await self.middleware_stack(scope, receive, send)
  File "C:\Users\ravin\AppData\Local\Programs\Python\Python311\Lib\site-packages\starlette\routing.py", line 776, in app
    await route.handle(scope, receive, send)
  File "C:\Users\ravin\AppData\Local\Programs\Python\Python311\Lib\site-packages\starlette\routing.py", line 297, in handle
    await self.app(scope, receive, send)
  File "C:\Users\ravin\AppData\Local\Programs\Python\Python311\Lib\site-packages\starlette\routing.py", line 77, in app
    await wrap_app_handling_exceptions(app, request)(scope, receive, send)
  File "C:\Users\ravin\AppData\Local\Programs\Python\Python311\Lib\site-packages\starlette\_exception_handler.py", line 64, in wrapped_app
    raise exc
  File "C:\Users\ravin\AppData\Local\Programs\Python\Python311\Lib\site-packages\starlette\_exception_handler.py", line 53, in wrapped_app
    await app(scope, receive, sender)
  File "C:\Users\ravin\AppData\Local\Programs\Python\Python311\Lib\site-packages\starlette\routing.py", line 72, in app
    response = await func(request)
               ^^^^^^^^^^^^^^^^^^^
  File "C:\Users\ravin\AppData\Local\Programs\Python\Python311\Lib\site-packages\fastapi\routing.py", line 301, in app
    raw_response = await run_endpoint_function(
                   ^^^^^^^^^^^^^^^^^^^^^^^^^^^^
  File "C:\Users\ravin\AppData\Local\Programs\Python\Python311\Lib\site-packages\fastapi\routing.py", line 212, in run_endpoint_function
    return await dependant.call(**values)
           ^^^^^^^^^^^^^^^^^^^^^^^^^^^^^^
  File "D:\ravishori\SecureShieldApp\backend\app\routers\wifi.py", line 53, in scan_wifi
    await db.commit()
  File "C:\Users\ravin\AppData\Local\Programs\Python\Python311\Lib\site-packages\sqlalchemy\ext\asyncio\session.py", line 1009, in commit
    await greenlet_spawn(self.sync_session.commit)
  File "C:\Users\ravin\AppData\Local\Programs\Python\Python311\Lib\site-packages\sqlalchemy\util\_concurrency_py3k.py", line 203, in greenlet_spawn
    result = context.switch(value)
             ^^^^^^^^^^^^^^^^^^^^^
  File "C:\Users\ravin\AppData\Local\Programs\Python\Python311\Lib\site-packages\sqlalchemy\orm\session.py", line 2028, in commit
    trans.commit(_to_root=True)
  File "<string>", line 2, in commit
  File "C:\Users\ravin\AppData\Local\Programs\Python\Python311\Lib\site-packages\sqlalchemy\orm\state_changes.py", line 139, in _go
    ret_value = fn(self, *arg, **kw)
                ^^^^^^^^^^^^^^^^^^^^
  File "C:\Users\ravin\AppData\Local\Programs\Python\Python311\Lib\site-packages\sqlalchemy\orm\session.py", line 1313, in commit
    self._prepare_impl()
  File "<string>", line 2, in _prepare_impl
  File "C:\Users\ravin\AppData\Local\Programs\Python\Python311\Lib\site-packages\sqlalchemy\orm\state_changes.py", line 139, in _go
    ret_value = fn(self, *arg, **kw)
                ^^^^^^^^^^^^^^^^^^^^
  File "C:\Users\ravin\AppData\Local\Programs\Python\Python311\Lib\site-packages\sqlalchemy\orm\session.py", line 1288, in _prepare_impl
    self.session.flush()
  File "C:\Users\ravin\AppData\Local\Programs\Python\Python311\Lib\site-packages\sqlalchemy\orm\session.py", line 4352, in flush
    self._flush(objects)
  File "C:\Users\ravin\AppData\Local\Programs\Python\Python311\Lib\site-packages\sqlalchemy\orm\session.py", line 4487, in _flush
    with util.safe_reraise():
  File "C:\Users\ravin\AppData\Local\Programs\Python\Python311\Lib\site-packages\sqlalchemy\util\langhelpers.py", line 146, in __exit__
    raise exc_value.with_traceback(exc_tb)
  File "C:\Users\ravin\AppData\Local\Programs\Python\Python311\Lib\site-packages\sqlalchemy\orm\session.py", line 4448, in _flush
    flush_context.execute()
  File "C:\Users\ravin\AppData\Local\Programs\Python\Python311\Lib\site-packages\sqlalchemy\orm\unitofwork.py", line 466, in execute
    rec.execute(self)
  File "C:\Users\ravin\AppData\Local\Programs\Python\Python311\Lib\site-packages\sqlalchemy\orm\unitofwork.py", line 642, in execute
    util.preloaded.orm_persistence.save_obj(
  File "C:\Users\ravin\AppData\Local\Programs\Python\Python311\Lib\site-packages\sqlalchemy\orm\persistence.py", line 93, in save_obj
    _emit_insert_statements(
  File "C:\Users\ravin\AppData\Local\Programs\Python\Python311\Lib\site-packages\sqlalchemy\orm\persistence.py", line 1233, in _emit_insert_statements
    result = connection.execute(
             ^^^^^^^^^^^^^^^^^^^
  File "C:\Users\ravin\AppData\Local\Programs\Python\Python311\Lib\site-packages\sqlalchemy\engine\base.py", line 1418, in execute
    return meth(
           ^^^^^
  File "C:\Users\ravin\AppData\Local\Programs\Python\Python311\Lib\site-packages\sqlalchemy\sql\elements.py", line 515, in _execute_on_connection
    return connection._execute_clauseelement(
           ^^^^^^^^^^^^^^^^^^^^^^^^^^^^^^^^^^
  File "C:\Users\ravin\AppData\Local\Programs\Python\Python311\Lib\site-packages\sqlalchemy\engine\base.py", line 1640, in _execute_clauseelement
    ret = self._execute_context(
          ^^^^^^^^^^^^^^^^^^^^^^
  File "C:\Users\ravin\AppData\Local\Programs\Python\Python311\Lib\site-packages\sqlalchemy\engine\base.py", line 1846, in _execute_context
    return self._exec_single_context(
           ^^^^^^^^^^^^^^^^^^^^^^^^^^
  File "C:\Users\ravin\AppData\Local\Programs\Python\Python311\Lib\site-packages\sqlalchemy\engine\base.py", line 1986, in _exec_single_context
    self._handle_dbapi_exception(
  File "C:\Users\ravin\AppData\Local\Programs\Python\Python311\Lib\site-packages\sqlalchemy\engine\base.py", line 2355, in _handle_dbapi_exception
    raise sqlalchemy_exception.with_traceback(exc_info[2]) from e
  File "C:\Users\ravin\AppData\Local\Programs\Python\Python311\Lib\site-packages\sqlalchemy\engine\base.py", line 1967, in _exec_single_context
    self.dialect.do_execute(
  File "C:\Users\ravin\AppData\Local\Programs\Python\Python311\Lib\site-packages\sqlalchemy\engine\default.py", line 941, in do_execute
    cursor.execute(statement, parameters)
  File "C:\Users\ravin\AppData\Local\Programs\Python\Python311\Lib\site-packages\sqlalchemy\dialects\postgresql\asyncpg.py", line 568, in execute
    self._adapt_connection.await_(
  File "C:\Users\ravin\AppData\Local\Programs\Python\Python311\Lib\site-packages\sqlalchemy\util\_concurrency_py3k.py", line 132, in await_only
    return current.parent.switch(awaitable)  # type: ignore[no-any-return,attr-defined] # noqa: E501
           ^^^^^^^^^^^^^^^^^^^^^^^^^^^^^^^^
  File "C:\Users\ravin\AppData\Local\Programs\Python\Python311\Lib\site-packages\sqlalchemy\util\_concurrency_py3k.py", line 196, in greenlet_spawn
    value = await result
            ^^^^^^^^^^^^
  File "C:\Users\ravin\AppData\Local\Programs\Python\Python311\Lib\site-packages\sqlalchemy\dialects\postgresql\asyncpg.py", line 546, in _prepare_and_execute
    self._handle_exception(error)
  File "C:\Users\ravin\AppData\Local\Programs\Python\Python311\Lib\site-packages\sqlalchemy\dialects\postgresql\asyncpg.py", line 497, in _handle_exception
    self._adapt_connection._handle_exception(error)
  File "C:\Users\ravin\AppData\Local\Programs\Python\Python311\Lib\site-packages\sqlalchemy\dialects\postgresql\asyncpg.py", line 780, in _handle_exception
    raise translated_error from error
sqlalchemy.exc.IntegrityError: (sqlalchemy.dialects.postgresql.asyncpg.IntegrityError) <class 'asyncpg.exceptions.ForeignKeyViolationError'>: insert or update on table "wifi_scans" violates foreign key constraint "wifi_scans_device_id_fkey"
DETAIL:  Key (device_id)=(00000000-0000-0000-0000-000000000001) is not present in table "devices".
[SQL: INSERT INTO wifi_scans (id, device_id, ssid, bssid, signal_strength, encryption_type, is_open, is_suspicious, risk_level, risk_reasons, scanned_at) VALUES ($1::UUID, $2::UUID, $3::VARCHAR, $4::VARCHAR, $5::INTEGER, $6::VARCHAR, $7::BOOLEAN, $8::BOOLEAN, $9::VARCHAR, $10::JSONB, $11::TIMESTAMP WITHOUT TIME ZONE)]
[parameters: (UUID('5e8c2922-bca9-483a-86a4-0cd3e3bcff0a'), UUID('00000000-0000-0000-0000-000000000001'), 'Phantom_5g', None, None, 'WPA2', False, False, 'safe', '[]', datetime.datetime(2026, 4, 29, 16, 15, 38, 144384))]
(Background on this error at: https://sqlalche.me/e/20/gkpj)

2026-04-29 21:45:42 | INFO     | secureshield                   | Error alert email sent → ravishori@gmail.com
2026-04-29 21:45:43 | CRITICAL | secureshield./api/v1/wifi/scan | Unhandled exception in request cycle — (sqlalchemy.dialects.postgresql.asyncpg.IntegrityError) <class 'asyncpg.exceptions.ForeignKeyViolationError'>: insert or update on table "wifi_scans" violates foreign key constraint "wifi_scans_device_id_fkey"
DETAIL:  Key (device_id)=(00000000-0000-0000-0000-000000000001) is not present in table "devices".
[SQL: INSERT INTO wifi_scans (id, device_id, ssid, bssid, signal_strength, encryption_type, is_open, is_suspicious, risk_level, risk_reasons, scanned_at) VALUES ($1::UUID, $2::UUID, $3::VARCHAR, $4::VARCHAR, $5::INTEGER, $6::VARCHAR, $7::BOOLEAN, $8::BOOLEAN, $9::VARCHAR, $10::JSONB, $11::TIMESTAMP WITHOUT TIME ZONE)]
[parameters: (UUID('36481e15-05b8-4bae-a2f1-a5de106d4e22'), UUID('00000000-0000-0000-0000-000000000001'), 'Phantom_5g', None, None, 'WPA2', False, False, 'safe', '[]', datetime.datetime(2026, 4, 29, 16, 15, 43, 869196))]
(Background on this error at: https://sqlalche.me/e/20/gkpj)
2026-04-29 21:45:43 | DEBUG    | secureshield./api/v1/wifi/scan | Traceback:
Traceback (most recent call last):
  File "C:\Users\ravin\AppData\Local\Programs\Python\Python311\Lib\site-packages\sqlalchemy\dialects\postgresql\asyncpg.py", line 534, in _prepare_and_execute
    self._rows = deque(await prepared_stmt.fetch(*parameters))
                       ^^^^^^^^^^^^^^^^^^^^^^^^^^^^^^^^^^^^^^
  File "C:\Users\ravin\AppData\Local\Programs\Python\Python311\Lib\site-packages\asyncpg\prepared_stmt.py", line 176, in fetch
    data = await self.__bind_execute(args, 0, timeout)
           ^^^^^^^^^^^^^^^^^^^^^^^^^^^^^^^^^^^^^^^^^^^
  File "C:\Users\ravin\AppData\Local\Programs\Python\Python311\Lib\site-packages\asyncpg\prepared_stmt.py", line 241, in __bind_execute
    data, status, _ = await self.__do_execute(
                      ^^^^^^^^^^^^^^^^^^^^^^^^
  File "C:\Users\ravin\AppData\Local\Programs\Python\Python311\Lib\site-packages\asyncpg\prepared_stmt.py", line 230, in __do_execute
    return await executor(protocol)
           ^^^^^^^^^^^^^^^^^^^^^^^^
  File "asyncpg\protocol\protocol.pyx", line 207, in bind_execute
asyncpg.exceptions.ForeignKeyViolationError: insert or update on table "wifi_scans" violates foreign key constraint "wifi_scans_device_id_fkey"
DETAIL:  Key (device_id)=(00000000-0000-0000-0000-000000000001) is not present in table "devices".

The above exception was the direct cause of the following exception:

Traceback (most recent call last):
  File "C:\Users\ravin\AppData\Local\Programs\Python\Python311\Lib\site-packages\sqlalchemy\engine\base.py", line 1967, in _exec_single_context
    self.dialect.do_execute(
  File "C:\Users\ravin\AppData\Local\Programs\Python\Python311\Lib\site-packages\sqlalchemy\engine\default.py", line 941, in do_execute
    cursor.execute(statement, parameters)
  File "C:\Users\ravin\AppData\Local\Programs\Python\Python311\Lib\site-packages\sqlalchemy\dialects\postgresql\asyncpg.py", line 568, in execute
    self._adapt_connection.await_(
  File "C:\Users\ravin\AppData\Local\Programs\Python\Python311\Lib\site-packages\sqlalchemy\util\_concurrency_py3k.py", line 132, in await_only
    return current.parent.switch(awaitable)  # type: ignore[no-any-return,attr-defined] # noqa: E501
           ^^^^^^^^^^^^^^^^^^^^^^^^^^^^^^^^
  File "C:\Users\ravin\AppData\Local\Programs\Python\Python311\Lib\site-packages\sqlalchemy\util\_concurrency_py3k.py", line 196, in greenlet_spawn
    value = await result
            ^^^^^^^^^^^^
  File "C:\Users\ravin\AppData\Local\Programs\Python\Python311\Lib\site-packages\sqlalchemy\dialects\postgresql\asyncpg.py", line 546, in _prepare_and_execute
    self._handle_exception(error)
  File "C:\Users\ravin\AppData\Local\Programs\Python\Python311\Lib\site-packages\sqlalchemy\dialects\postgresql\asyncpg.py", line 497, in _handle_exception
    self._adapt_connection._handle_exception(error)
  File "C:\Users\ravin\AppData\Local\Programs\Python\Python311\Lib\site-packages\sqlalchemy\dialects\postgresql\asyncpg.py", line 780, in _handle_exception
    raise translated_error from error
sqlalchemy.dialects.postgresql.asyncpg.AsyncAdapt_asyncpg_dbapi.IntegrityError: <class 'asyncpg.exceptions.ForeignKeyViolationError'>: insert or update on table "wifi_scans" violates foreign key constraint "wifi_scans_device_id_fkey"
DETAIL:  Key (device_id)=(00000000-0000-0000-0000-000000000001) is not present in table "devices".

The above exception was the direct cause of the following exception:

Traceback (most recent call last):
  File "D:\ravishori\SecureShieldApp\backend\app\middleware\error_handler.py", line 29, in dispatch
    response = await call_next(request)
               ^^^^^^^^^^^^^^^^^^^^^^^^
  File "C:\Users\ravin\AppData\Local\Programs\Python\Python311\Lib\site-packages\starlette\middleware\base.py", line 165, in call_next
    raise app_exc
  File "C:\Users\ravin\AppData\Local\Programs\Python\Python311\Lib\site-packages\starlette\middleware\base.py", line 151, in coro
    await self.app(scope, receive_or_disconnect, send_no_error)
  File "C:\Users\ravin\AppData\Local\Programs\Python\Python311\Lib\site-packages\starlette\middleware\exceptions.py", line 65, in __call__
    await wrap_app_handling_exceptions(self.app, conn)(scope, receive, send)
  File "C:\Users\ravin\AppData\Local\Programs\Python\Python311\Lib\site-packages\starlette\_exception_handler.py", line 64, in wrapped_app
    raise exc
  File "C:\Users\ravin\AppData\Local\Programs\Python\Python311\Lib\site-packages\starlette\_exception_handler.py", line 53, in wrapped_app
    await app(scope, receive, sender)
  File "C:\Users\ravin\AppData\Local\Programs\Python\Python311\Lib\site-packages\starlette\routing.py", line 756, in __call__
    await self.middleware_stack(scope, receive, send)
  File "C:\Users\ravin\AppData\Local\Programs\Python\Python311\Lib\site-packages\starlette\routing.py", line 776, in app
    await route.handle(scope, receive, send)
  File "C:\Users\ravin\AppData\Local\Programs\Python\Python311\Lib\site-packages\starlette\routing.py", line 297, in handle
    await self.app(scope, receive, send)
  File "C:\Users\ravin\AppData\Local\Programs\Python\Python311\Lib\site-packages\starlette\routing.py", line 77, in app
    await wrap_app_handling_exceptions(app, request)(scope, receive, send)
  File "C:\Users\ravin\AppData\Local\Programs\Python\Python311\Lib\site-packages\starlette\_exception_handler.py", line 64, in wrapped_app
    raise exc
  File "C:\Users\ravin\AppData\Local\Programs\Python\Python311\Lib\site-packages\starlette\_exception_handler.py", line 53, in wrapped_app
    await app(scope, receive, sender)
  File "C:\Users\ravin\AppData\Local\Programs\Python\Python311\Lib\site-packages\starlette\routing.py", line 72, in app
    response = await func(request)
               ^^^^^^^^^^^^^^^^^^^
  File "C:\Users\ravin\AppData\Local\Programs\Python\Python311\Lib\site-packages\fastapi\routing.py", line 301, in app
    raw_response = await run_endpoint_function(
                   ^^^^^^^^^^^^^^^^^^^^^^^^^^^^
  File "C:\Users\ravin\AppData\Local\Programs\Python\Python311\Lib\site-packages\fastapi\routing.py", line 212, in run_endpoint_function
    return await dependant.call(**values)
           ^^^^^^^^^^^^^^^^^^^^^^^^^^^^^^
  File "D:\ravishori\SecureShieldApp\backend\app\routers\wifi.py", line 53, in scan_wifi
    await db.commit()
  File "C:\Users\ravin\AppData\Local\Programs\Python\Python311\Lib\site-packages\sqlalchemy\ext\asyncio\session.py", line 1009, in commit
    await greenlet_spawn(self.sync_session.commit)
  File "C:\Users\ravin\AppData\Local\Programs\Python\Python311\Lib\site-packages\sqlalchemy\util\_concurrency_py3k.py", line 203, in greenlet_spawn
    result = context.switch(value)
             ^^^^^^^^^^^^^^^^^^^^^
  File "C:\Users\ravin\AppData\Local\Programs\Python\Python311\Lib\site-packages\sqlalchemy\orm\session.py", line 2028, in commit
    trans.commit(_to_root=True)
  File "<string>", line 2, in commit
  File "C:\Users\ravin\AppData\Local\Programs\Python\Python311\Lib\site-packages\sqlalchemy\orm\state_changes.py", line 139, in _go
    ret_value = fn(self, *arg, **kw)
                ^^^^^^^^^^^^^^^^^^^^
  File "C:\Users\ravin\AppData\Local\Programs\Python\Python311\Lib\site-packages\sqlalchemy\orm\session.py", line 1313, in commit
    self._prepare_impl()
  File "<string>", line 2, in _prepare_impl
  File "C:\Users\ravin\AppData\Local\Programs\Python\Python311\Lib\site-packages\sqlalchemy\orm\state_changes.py", line 139, in _go
    ret_value = fn(self, *arg, **kw)
                ^^^^^^^^^^^^^^^^^^^^
  File "C:\Users\ravin\AppData\Local\Programs\Python\Python311\Lib\site-packages\sqlalchemy\orm\session.py", line 1288, in _prepare_impl
    self.session.flush()
  File "C:\Users\ravin\AppData\Local\Programs\Python\Python311\Lib\site-packages\sqlalchemy\orm\session.py", line 4352, in flush
    self._flush(objects)
  File "C:\Users\ravin\AppData\Local\Programs\Python\Python311\Lib\site-packages\sqlalchemy\orm\session.py", line 4487, in _flush
    with util.safe_reraise():
  File "C:\Users\ravin\AppData\Local\Programs\Python\Python311\Lib\site-packages\sqlalchemy\util\langhelpers.py", line 146, in __exit__
    raise exc_value.with_traceback(exc_tb)
  File "C:\Users\ravin\AppData\Local\Programs\Python\Python311\Lib\site-packages\sqlalchemy\orm\session.py", line 4448, in _flush
    flush_context.execute()
  File "C:\Users\ravin\AppData\Local\Programs\Python\Python311\Lib\site-packages\sqlalchemy\orm\unitofwork.py", line 466, in execute
    rec.execute(self)
  File "C:\Users\ravin\AppData\Local\Programs\Python\Python311\Lib\site-packages\sqlalchemy\orm\unitofwork.py", line 642, in execute
    util.preloaded.orm_persistence.save_obj(
  File "C:\Users\ravin\AppData\Local\Programs\Python\Python311\Lib\site-packages\sqlalchemy\orm\persistence.py", line 93, in save_obj
    _emit_insert_statements(
  File "C:\Users\ravin\AppData\Local\Programs\Python\Python311\Lib\site-packages\sqlalchemy\orm\persistence.py", line 1233, in _emit_insert_statements
    result = connection.execute(
             ^^^^^^^^^^^^^^^^^^^
  File "C:\Users\ravin\AppData\Local\Programs\Python\Python311\Lib\site-packages\sqlalchemy\engine\base.py", line 1418, in execute
    return meth(
           ^^^^^
  File "C:\Users\ravin\AppData\Local\Programs\Python\Python311\Lib\site-packages\sqlalchemy\sql\elements.py", line 515, in _execute_on_connection
    return connection._execute_clauseelement(
           ^^^^^^^^^^^^^^^^^^^^^^^^^^^^^^^^^^
  File "C:\Users\ravin\AppData\Local\Programs\Python\Python311\Lib\site-packages\sqlalchemy\engine\base.py", line 1640, in _execute_clauseelement
    ret = self._execute_context(
          ^^^^^^^^^^^^^^^^^^^^^^
  File "C:\Users\ravin\AppData\Local\Programs\Python\Python311\Lib\site-packages\sqlalchemy\engine\base.py", line 1846, in _execute_context
    return self._exec_single_context(
           ^^^^^^^^^^^^^^^^^^^^^^^^^^
  File "C:\Users\ravin\AppData\Local\Programs\Python\Python311\Lib\site-packages\sqlalchemy\engine\base.py", line 1986, in _exec_single_context
    self._handle_dbapi_exception(
  File "C:\Users\ravin\AppData\Local\Programs\Python\Python311\Lib\site-packages\sqlalchemy\engine\base.py", line 2355, in _handle_dbapi_exception
    raise sqlalchemy_exception.with_traceback(exc_info[2]) from e
  File "C:\Users\ravin\AppData\Local\Programs\Python\Python311\Lib\site-packages\sqlalchemy\engine\base.py", line 1967, in _exec_single_context
    self.dialect.do_execute(
  File "C:\Users\ravin\AppData\Local\Programs\Python\Python311\Lib\site-packages\sqlalchemy\engine\default.py", line 941, in do_execute
    cursor.execute(statement, parameters)
  File "C:\Users\ravin\AppData\Local\Programs\Python\Python311\Lib\site-packages\sqlalchemy\dialects\postgresql\asyncpg.py", line 568, in execute
    self._adapt_connection.await_(
  File "C:\Users\ravin\AppData\Local\Programs\Python\Python311\Lib\site-packages\sqlalchemy\util\_concurrency_py3k.py", line 132, in await_only
    return current.parent.switch(awaitable)  # type: ignore[no-any-return,attr-defined] # noqa: E501
           ^^^^^^^^^^^^^^^^^^^^^^^^^^^^^^^^
  File "C:\Users\ravin\AppData\Local\Programs\Python\Python311\Lib\site-packages\sqlalchemy\util\_concurrency_py3k.py", line 196, in greenlet_spawn
    value = await result
            ^^^^^^^^^^^^
  File "C:\Users\ravin\AppData\Local\Programs\Python\Python311\Lib\site-packages\sqlalchemy\dialects\postgresql\asyncpg.py", line 546, in _prepare_and_execute
    self._handle_exception(error)
  File "C:\Users\ravin\AppData\Local\Programs\Python\Python311\Lib\site-packages\sqlalchemy\dialects\postgresql\asyncpg.py", line 497, in _handle_exception
    self._adapt_connection._handle_exception(error)
  File "C:\Users\ravin\AppData\Local\Programs\Python\Python311\Lib\site-packages\sqlalchemy\dialects\postgresql\asyncpg.py", line 780, in _handle_exception
    raise translated_error from error
sqlalchemy.exc.IntegrityError: (sqlalchemy.dialects.postgresql.asyncpg.IntegrityError) <class 'asyncpg.exceptions.ForeignKeyViolationError'>: insert or update on table "wifi_scans" violates foreign key constraint "wifi_scans_device_id_fkey"
DETAIL:  Key (device_id)=(00000000-0000-0000-0000-000000000001) is not present in table "devices".
[SQL: INSERT INTO wifi_scans (id, device_id, ssid, bssid, signal_strength, encryption_type, is_open, is_suspicious, risk_level, risk_reasons, scanned_at) VALUES ($1::UUID, $2::UUID, $3::VARCHAR, $4::VARCHAR, $5::INTEGER, $6::VARCHAR, $7::BOOLEAN, $8::BOOLEAN, $9::VARCHAR, $10::JSONB, $11::TIMESTAMP WITHOUT TIME ZONE)]
[parameters: (UUID('36481e15-05b8-4bae-a2f1-a5de106d4e22'), UUID('00000000-0000-0000-0000-000000000001'), 'Phantom_5g', None, None, 'WPA2', False, False, 'safe', '[]', datetime.datetime(2026, 4, 29, 16, 15, 43, 869196))]
(Background on this error at: https://sqlalche.me/e/20/gkpj)

2026-04-29 21:45:48 | INFO     | secureshield                   | Error alert email sent → ravishori@gmail.com
2026-04-29 21:47:36 | CRITICAL | secureshield./api/v1/app-scanner/scan | Unhandled exception in request cycle — (sqlalchemy.dialects.postgresql.asyncpg.IntegrityError) <class 'asyncpg.exceptions.ForeignKeyViolationError'>: insert or update on table "alerts" violates foreign key constraint "alerts_device_id_fkey"
DETAIL:  Key (device_id)=(00000000-0000-0000-0000-000000000001) is not present in table "devices".
[SQL: INSERT INTO alerts (id, user_id, device_id, alert_type, title, message, severity, is_read, is_dismissed, extra_data, created_at) VALUES ($1::UUID, $2::UUID, $3::UUID, $4::alerttype, $5::VARCHAR, $6::VARCHAR, $7::alertseverity, $8::BOOLEAN, $9::BOOLEAN, $10::JSONB, $11::TIMESTAMP WITHOUT TIME ZONE)]
[parameters: (UUID('2db96b8c-7a15-46f4-92e7-61e3057ed815'), UUID('17983653-1d3d-4e8c-96ed-56c74dabb484'), UUID('00000000-0000-0000-0000-000000000001'), 'app_risk', 'Risky App Detected: Suspicious Tracker', 'Suspicious Tracker has a risk score of 100/100. Threat: data_harvesting, surveillance_risk, potential_spyware.', 'critical', False, False, '{"package_name": "com.suspicious.tracker", "risk_score": 100.0, "removal_reason": "Critically risky permissions detected. Strongly consider uninstalling this app."}', datetime.datetime(2026, 4, 29, 16, 17, 36, 809072))]
(Background on this error at: https://sqlalche.me/e/20/gkpj)
2026-04-29 21:47:36 | DEBUG    | secureshield./api/v1/app-scanner/scan | Traceback:
Traceback (most recent call last):
  File "C:\Users\ravin\AppData\Local\Programs\Python\Python311\Lib\site-packages\sqlalchemy\dialects\postgresql\asyncpg.py", line 534, in _prepare_and_execute
    self._rows = deque(await prepared_stmt.fetch(*parameters))
                       ^^^^^^^^^^^^^^^^^^^^^^^^^^^^^^^^^^^^^^
  File "C:\Users\ravin\AppData\Local\Programs\Python\Python311\Lib\site-packages\asyncpg\prepared_stmt.py", line 176, in fetch
    data = await self.__bind_execute(args, 0, timeout)
           ^^^^^^^^^^^^^^^^^^^^^^^^^^^^^^^^^^^^^^^^^^^
  File "C:\Users\ravin\AppData\Local\Programs\Python\Python311\Lib\site-packages\asyncpg\prepared_stmt.py", line 241, in __bind_execute
    data, status, _ = await self.__do_execute(
                      ^^^^^^^^^^^^^^^^^^^^^^^^
  File "C:\Users\ravin\AppData\Local\Programs\Python\Python311\Lib\site-packages\asyncpg\prepared_stmt.py", line 230, in __do_execute
    return await executor(protocol)
           ^^^^^^^^^^^^^^^^^^^^^^^^
  File "asyncpg\protocol\protocol.pyx", line 207, in bind_execute
asyncpg.exceptions.ForeignKeyViolationError: insert or update on table "alerts" violates foreign key constraint "alerts_device_id_fkey"
DETAIL:  Key (device_id)=(00000000-0000-0000-0000-000000000001) is not present in table "devices".

The above exception was the direct cause of the following exception:

Traceback (most recent call last):
  File "C:\Users\ravin\AppData\Local\Programs\Python\Python311\Lib\site-packages\sqlalchemy\engine\base.py", line 1967, in _exec_single_context
    self.dialect.do_execute(
  File "C:\Users\ravin\AppData\Local\Programs\Python\Python311\Lib\site-packages\sqlalchemy\engine\default.py", line 941, in do_execute
    cursor.execute(statement, parameters)
  File "C:\Users\ravin\AppData\Local\Programs\Python\Python311\Lib\site-packages\sqlalchemy\dialects\postgresql\asyncpg.py", line 568, in execute
    self._adapt_connection.await_(
  File "C:\Users\ravin\AppData\Local\Programs\Python\Python311\Lib\site-packages\sqlalchemy\util\_concurrency_py3k.py", line 132, in await_only
    return current.parent.switch(awaitable)  # type: ignore[no-any-return,attr-defined] # noqa: E501
           ^^^^^^^^^^^^^^^^^^^^^^^^^^^^^^^^
  File "C:\Users\ravin\AppData\Local\Programs\Python\Python311\Lib\site-packages\sqlalchemy\util\_concurrency_py3k.py", line 196, in greenlet_spawn
    value = await result
            ^^^^^^^^^^^^
  File "C:\Users\ravin\AppData\Local\Programs\Python\Python311\Lib\site-packages\sqlalchemy\dialects\postgresql\asyncpg.py", line 546, in _prepare_and_execute
    self._handle_exception(error)
  File "C:\Users\ravin\AppData\Local\Programs\Python\Python311\Lib\site-packages\sqlalchemy\dialects\postgresql\asyncpg.py", line 497, in _handle_exception
    self._adapt_connection._handle_exception(error)
  File "C:\Users\ravin\AppData\Local\Programs\Python\Python311\Lib\site-packages\sqlalchemy\dialects\postgresql\asyncpg.py", line 780, in _handle_exception
    raise translated_error from error
sqlalchemy.dialects.postgresql.asyncpg.AsyncAdapt_asyncpg_dbapi.IntegrityError: <class 'asyncpg.exceptions.ForeignKeyViolationError'>: insert or update on table "alerts" violates foreign key constraint "alerts_device_id_fkey"
DETAIL:  Key (device_id)=(00000000-0000-0000-0000-000000000001) is not present in table "devices".

The above exception was the direct cause of the following exception:

Traceback (most recent call last):
  File "D:\ravishori\SecureShieldApp\backend\app\middleware\error_handler.py", line 29, in dispatch
    response = await call_next(request)
               ^^^^^^^^^^^^^^^^^^^^^^^^
  File "C:\Users\ravin\AppData\Local\Programs\Python\Python311\Lib\site-packages\starlette\middleware\base.py", line 165, in call_next
    raise app_exc
  File "C:\Users\ravin\AppData\Local\Programs\Python\Python311\Lib\site-packages\starlette\middleware\base.py", line 151, in coro
    await self.app(scope, receive_or_disconnect, send_no_error)
  File "C:\Users\ravin\AppData\Local\Programs\Python\Python311\Lib\site-packages\starlette\middleware\exceptions.py", line 65, in __call__
    await wrap_app_handling_exceptions(self.app, conn)(scope, receive, send)
  File "C:\Users\ravin\AppData\Local\Programs\Python\Python311\Lib\site-packages\starlette\_exception_handler.py", line 64, in wrapped_app
    raise exc
  File "C:\Users\ravin\AppData\Local\Programs\Python\Python311\Lib\site-packages\starlette\_exception_handler.py", line 53, in wrapped_app
    await app(scope, receive, sender)
  File "C:\Users\ravin\AppData\Local\Programs\Python\Python311\Lib\site-packages\starlette\routing.py", line 756, in __call__
    await self.middleware_stack(scope, receive, send)
  File "C:\Users\ravin\AppData\Local\Programs\Python\Python311\Lib\site-packages\starlette\routing.py", line 776, in app
    await route.handle(scope, receive, send)
  File "C:\Users\ravin\AppData\Local\Programs\Python\Python311\Lib\site-packages\starlette\routing.py", line 297, in handle
    await self.app(scope, receive, send)
  File "C:\Users\ravin\AppData\Local\Programs\Python\Python311\Lib\site-packages\starlette\routing.py", line 77, in app
    await wrap_app_handling_exceptions(app, request)(scope, receive, send)
  File "C:\Users\ravin\AppData\Local\Programs\Python\Python311\Lib\site-packages\starlette\_exception_handler.py", line 64, in wrapped_app
    raise exc
  File "C:\Users\ravin\AppData\Local\Programs\Python\Python311\Lib\site-packages\starlette\_exception_handler.py", line 53, in wrapped_app
    await app(scope, receive, sender)
  File "C:\Users\ravin\AppData\Local\Programs\Python\Python311\Lib\site-packages\starlette\routing.py", line 72, in app
    response = await func(request)
               ^^^^^^^^^^^^^^^^^^^
  File "C:\Users\ravin\AppData\Local\Programs\Python\Python311\Lib\site-packages\fastapi\routing.py", line 301, in app
    raw_response = await run_endpoint_function(
                   ^^^^^^^^^^^^^^^^^^^^^^^^^^^^
  File "C:\Users\ravin\AppData\Local\Programs\Python\Python311\Lib\site-packages\fastapi\routing.py", line 212, in run_endpoint_function
    return await dependant.call(**values)
           ^^^^^^^^^^^^^^^^^^^^^^^^^^^^^^
  File "D:\ravishori\SecureShieldApp\backend\app\routers\app_scanner.py", line 70, in scan_apps
    await db.commit()
  File "C:\Users\ravin\AppData\Local\Programs\Python\Python311\Lib\site-packages\sqlalchemy\ext\asyncio\session.py", line 1009, in commit
    await greenlet_spawn(self.sync_session.commit)
  File "C:\Users\ravin\AppData\Local\Programs\Python\Python311\Lib\site-packages\sqlalchemy\util\_concurrency_py3k.py", line 203, in greenlet_spawn
    result = context.switch(value)
             ^^^^^^^^^^^^^^^^^^^^^
  File "C:\Users\ravin\AppData\Local\Programs\Python\Python311\Lib\site-packages\sqlalchemy\orm\session.py", line 2028, in commit
    trans.commit(_to_root=True)
  File "<string>", line 2, in commit
  File "C:\Users\ravin\AppData\Local\Programs\Python\Python311\Lib\site-packages\sqlalchemy\orm\state_changes.py", line 139, in _go
    ret_value = fn(self, *arg, **kw)
                ^^^^^^^^^^^^^^^^^^^^
  File "C:\Users\ravin\AppData\Local\Programs\Python\Python311\Lib\site-packages\sqlalchemy\orm\session.py", line 1313, in commit
    self._prepare_impl()
  File "<string>", line 2, in _prepare_impl
  File "C:\Users\ravin\AppData\Local\Programs\Python\Python311\Lib\site-packages\sqlalchemy\orm\state_changes.py", line 139, in _go
    ret_value = fn(self, *arg, **kw)
                ^^^^^^^^^^^^^^^^^^^^
  File "C:\Users\ravin\AppData\Local\Programs\Python\Python311\Lib\site-packages\sqlalchemy\orm\session.py", line 1288, in _prepare_impl
    self.session.flush()
  File "C:\Users\ravin\AppData\Local\Programs\Python\Python311\Lib\site-packages\sqlalchemy\orm\session.py", line 4352, in flush
    self._flush(objects)
  File "C:\Users\ravin\AppData\Local\Programs\Python\Python311\Lib\site-packages\sqlalchemy\orm\session.py", line 4487, in _flush
    with util.safe_reraise():
  File "C:\Users\ravin\AppData\Local\Programs\Python\Python311\Lib\site-packages\sqlalchemy\util\langhelpers.py", line 146, in __exit__
    raise exc_value.with_traceback(exc_tb)
  File "C:\Users\ravin\AppData\Local\Programs\Python\Python311\Lib\site-packages\sqlalchemy\orm\session.py", line 4448, in _flush
    flush_context.execute()
  File "C:\Users\ravin\AppData\Local\Programs\Python\Python311\Lib\site-packages\sqlalchemy\orm\unitofwork.py", line 466, in execute
    rec.execute(self)
  File "C:\Users\ravin\AppData\Local\Programs\Python\Python311\Lib\site-packages\sqlalchemy\orm\unitofwork.py", line 642, in execute
    util.preloaded.orm_persistence.save_obj(
  File "C:\Users\ravin\AppData\Local\Programs\Python\Python311\Lib\site-packages\sqlalchemy\orm\persistence.py", line 93, in save_obj
    _emit_insert_statements(
  File "C:\Users\ravin\AppData\Local\Programs\Python\Python311\Lib\site-packages\sqlalchemy\orm\persistence.py", line 1233, in _emit_insert_statements
    result = connection.execute(
             ^^^^^^^^^^^^^^^^^^^
  File "C:\Users\ravin\AppData\Local\Programs\Python\Python311\Lib\site-packages\sqlalchemy\engine\base.py", line 1418, in execute
    return meth(
           ^^^^^
  File "C:\Users\ravin\AppData\Local\Programs\Python\Python311\Lib\site-packages\sqlalchemy\sql\elements.py", line 515, in _execute_on_connection
    return connection._execute_clauseelement(
           ^^^^^^^^^^^^^^^^^^^^^^^^^^^^^^^^^^
  File "C:\Users\ravin\AppData\Local\Programs\Python\Python311\Lib\site-packages\sqlalchemy\engine\base.py", line 1640, in _execute_clauseelement
    ret = self._execute_context(
          ^^^^^^^^^^^^^^^^^^^^^^
  File "C:\Users\ravin\AppData\Local\Programs\Python\Python311\Lib\site-packages\sqlalchemy\engine\base.py", line 1846, in _execute_context
    return self._exec_single_context(
           ^^^^^^^^^^^^^^^^^^^^^^^^^^
  File "C:\Users\ravin\AppData\Local\Programs\Python\Python311\Lib\site-packages\sqlalchemy\engine\base.py", line 1986, in _exec_single_context
    self._handle_dbapi_exception(
  File "C:\Users\ravin\AppData\Local\Programs\Python\Python311\Lib\site-packages\sqlalchemy\engine\base.py", line 2355, in _handle_dbapi_exception
    raise sqlalchemy_exception.with_traceback(exc_info[2]) from e
  File "C:\Users\ravin\AppData\Local\Programs\Python\Python311\Lib\site-packages\sqlalchemy\engine\base.py", line 1967, in _exec_single_context
    self.dialect.do_execute(
  File "C:\Users\ravin\AppData\Local\Programs\Python\Python311\Lib\site-packages\sqlalchemy\engine\default.py", line 941, in do_execute
    cursor.execute(statement, parameters)
  File "C:\Users\ravin\AppData\Local\Programs\Python\Python311\Lib\site-packages\sqlalchemy\dialects\postgresql\asyncpg.py", line 568, in execute
    self._adapt_connection.await_(
  File "C:\Users\ravin\AppData\Local\Programs\Python\Python311\Lib\site-packages\sqlalchemy\util\_concurrency_py3k.py", line 132, in await_only
    return current.parent.switch(awaitable)  # type: ignore[no-any-return,attr-defined] # noqa: E501
           ^^^^^^^^^^^^^^^^^^^^^^^^^^^^^^^^
  File "C:\Users\ravin\AppData\Local\Programs\Python\Python311\Lib\site-packages\sqlalchemy\util\_concurrency_py3k.py", line 196, in greenlet_spawn
    value = await result
            ^^^^^^^^^^^^
  File "C:\Users\ravin\AppData\Local\Programs\Python\Python311\Lib\site-packages\sqlalchemy\dialects\postgresql\asyncpg.py", line 546, in _prepare_and_execute
    self._handle_exception(error)
  File "C:\Users\ravin\AppData\Local\Programs\Python\Python311\Lib\site-packages\sqlalchemy\dialects\postgresql\asyncpg.py", line 497, in _handle_exception
    self._adapt_connection._handle_exception(error)
  File "C:\Users\ravin\AppData\Local\Programs\Python\Python311\Lib\site-packages\sqlalchemy\dialects\postgresql\asyncpg.py", line 780, in _handle_exception
    raise translated_error from error
sqlalchemy.exc.IntegrityError: (sqlalchemy.dialects.postgresql.asyncpg.IntegrityError) <class 'asyncpg.exceptions.ForeignKeyViolationError'>: insert or update on table "alerts" violates foreign key constraint "alerts_device_id_fkey"
DETAIL:  Key (device_id)=(00000000-0000-0000-0000-000000000001) is not present in table "devices".
[SQL: INSERT INTO alerts (id, user_id, device_id, alert_type, title, message, severity, is_read, is_dismissed, extra_data, created_at) VALUES ($1::UUID, $2::UUID, $3::UUID, $4::alerttype, $5::VARCHAR, $6::VARCHAR, $7::alertseverity, $8::BOOLEAN, $9::BOOLEAN, $10::JSONB, $11::TIMESTAMP WITHOUT TIME ZONE)]
[parameters: (UUID('2db96b8c-7a15-46f4-92e7-61e3057ed815'), UUID('17983653-1d3d-4e8c-96ed-56c74dabb484'), UUID('00000000-0000-0000-0000-000000000001'), 'app_risk', 'Risky App Detected: Suspicious Tracker', 'Suspicious Tracker has a risk score of 100/100. Threat: data_harvesting, surveillance_risk, potential_spyware.', 'critical', False, False, '{"package_name": "com.suspicious.tracker", "risk_score": 100.0, "removal_reason": "Critically risky permissions detected. Strongly consider uninstalling this app."}', datetime.datetime(2026, 4, 29, 16, 17, 36, 809072))]
(Background on this error at: https://sqlalche.me/e/20/gkpj)

2026-04-29 21:47:40 | INFO     | secureshield                   | Error alert email sent → ravishori@gmail.com
2026-04-29 21:47:43 | CRITICAL | secureshield./api/v1/app-scanner/scan | Unhandled exception in request cycle — (sqlalchemy.dialects.postgresql.asyncpg.IntegrityError) <class 'asyncpg.exceptions.ForeignKeyViolationError'>: insert or update on table "alerts" violates foreign key constraint "alerts_device_id_fkey"
DETAIL:  Key (device_id)=(00000000-0000-0000-0000-000000000001) is not present in table "devices".
[SQL: INSERT INTO alerts (id, user_id, device_id, alert_type, title, message, severity, is_read, is_dismissed, extra_data, created_at) VALUES ($1::UUID, $2::UUID, $3::UUID, $4::alerttype, $5::VARCHAR, $6::VARCHAR, $7::alertseverity, $8::BOOLEAN, $9::BOOLEAN, $10::JSONB, $11::TIMESTAMP WITHOUT TIME ZONE)]
[parameters: (UUID('16a0554d-31df-4bc5-97af-cc95cd49fd73'), UUID('17983653-1d3d-4e8c-96ed-56c74dabb484'), UUID('00000000-0000-0000-0000-000000000001'), 'app_risk', 'Risky App Detected: Suspicious Tracker', 'Suspicious Tracker has a risk score of 100/100. Threat: data_harvesting, surveillance_risk, potential_spyware.', 'critical', False, False, '{"package_name": "com.suspicious.tracker", "risk_score": 100.0, "removal_reason": "Critically risky permissions detected. Strongly consider uninstalling this app."}', datetime.datetime(2026, 4, 29, 16, 17, 43, 405326))]
(Background on this error at: https://sqlalche.me/e/20/gkpj)
2026-04-29 21:47:43 | DEBUG    | secureshield./api/v1/app-scanner/scan | Traceback:
Traceback (most recent call last):
  File "C:\Users\ravin\AppData\Local\Programs\Python\Python311\Lib\site-packages\sqlalchemy\dialects\postgresql\asyncpg.py", line 534, in _prepare_and_execute
    self._rows = deque(await prepared_stmt.fetch(*parameters))
                       ^^^^^^^^^^^^^^^^^^^^^^^^^^^^^^^^^^^^^^
  File "C:\Users\ravin\AppData\Local\Programs\Python\Python311\Lib\site-packages\asyncpg\prepared_stmt.py", line 176, in fetch
    data = await self.__bind_execute(args, 0, timeout)
           ^^^^^^^^^^^^^^^^^^^^^^^^^^^^^^^^^^^^^^^^^^^
  File "C:\Users\ravin\AppData\Local\Programs\Python\Python311\Lib\site-packages\asyncpg\prepared_stmt.py", line 241, in __bind_execute
    data, status, _ = await self.__do_execute(
                      ^^^^^^^^^^^^^^^^^^^^^^^^
  File "C:\Users\ravin\AppData\Local\Programs\Python\Python311\Lib\site-packages\asyncpg\prepared_stmt.py", line 230, in __do_execute
    return await executor(protocol)
           ^^^^^^^^^^^^^^^^^^^^^^^^
  File "asyncpg\protocol\protocol.pyx", line 207, in bind_execute
asyncpg.exceptions.ForeignKeyViolationError: insert or update on table "alerts" violates foreign key constraint "alerts_device_id_fkey"
DETAIL:  Key (device_id)=(00000000-0000-0000-0000-000000000001) is not present in table "devices".

The above exception was the direct cause of the following exception:

Traceback (most recent call last):
  File "C:\Users\ravin\AppData\Local\Programs\Python\Python311\Lib\site-packages\sqlalchemy\engine\base.py", line 1967, in _exec_single_context
    self.dialect.do_execute(
  File "C:\Users\ravin\AppData\Local\Programs\Python\Python311\Lib\site-packages\sqlalchemy\engine\default.py", line 941, in do_execute
    cursor.execute(statement, parameters)
  File "C:\Users\ravin\AppData\Local\Programs\Python\Python311\Lib\site-packages\sqlalchemy\dialects\postgresql\asyncpg.py", line 568, in execute
    self._adapt_connection.await_(
  File "C:\Users\ravin\AppData\Local\Programs\Python\Python311\Lib\site-packages\sqlalchemy\util\_concurrency_py3k.py", line 132, in await_only
    return current.parent.switch(awaitable)  # type: ignore[no-any-return,attr-defined] # noqa: E501
           ^^^^^^^^^^^^^^^^^^^^^^^^^^^^^^^^
  File "C:\Users\ravin\AppData\Local\Programs\Python\Python311\Lib\site-packages\sqlalchemy\util\_concurrency_py3k.py", line 196, in greenlet_spawn
    value = await result
            ^^^^^^^^^^^^
  File "C:\Users\ravin\AppData\Local\Programs\Python\Python311\Lib\site-packages\sqlalchemy\dialects\postgresql\asyncpg.py", line 546, in _prepare_and_execute
    self._handle_exception(error)
  File "C:\Users\ravin\AppData\Local\Programs\Python\Python311\Lib\site-packages\sqlalchemy\dialects\postgresql\asyncpg.py", line 497, in _handle_exception
    self._adapt_connection._handle_exception(error)
  File "C:\Users\ravin\AppData\Local\Programs\Python\Python311\Lib\site-packages\sqlalchemy\dialects\postgresql\asyncpg.py", line 780, in _handle_exception
    raise translated_error from error
sqlalchemy.dialects.postgresql.asyncpg.AsyncAdapt_asyncpg_dbapi.IntegrityError: <class 'asyncpg.exceptions.ForeignKeyViolationError'>: insert or update on table "alerts" violates foreign key constraint "alerts_device_id_fkey"
DETAIL:  Key (device_id)=(00000000-0000-0000-0000-000000000001) is not present in table "devices".

The above exception was the direct cause of the following exception:

Traceback (most recent call last):
  File "D:\ravishori\SecureShieldApp\backend\app\middleware\error_handler.py", line 29, in dispatch
    response = await call_next(request)
               ^^^^^^^^^^^^^^^^^^^^^^^^
  File "C:\Users\ravin\AppData\Local\Programs\Python\Python311\Lib\site-packages\starlette\middleware\base.py", line 165, in call_next
    raise app_exc
  File "C:\Users\ravin\AppData\Local\Programs\Python\Python311\Lib\site-packages\starlette\middleware\base.py", line 151, in coro
    await self.app(scope, receive_or_disconnect, send_no_error)
  File "C:\Users\ravin\AppData\Local\Programs\Python\Python311\Lib\site-packages\starlette\middleware\exceptions.py", line 65, in __call__
    await wrap_app_handling_exceptions(self.app, conn)(scope, receive, send)
  File "C:\Users\ravin\AppData\Local\Programs\Python\Python311\Lib\site-packages\starlette\_exception_handler.py", line 64, in wrapped_app
    raise exc
  File "C:\Users\ravin\AppData\Local\Programs\Python\Python311\Lib\site-packages\starlette\_exception_handler.py", line 53, in wrapped_app
    await app(scope, receive, sender)
  File "C:\Users\ravin\AppData\Local\Programs\Python\Python311\Lib\site-packages\starlette\routing.py", line 756, in __call__
    await self.middleware_stack(scope, receive, send)
  File "C:\Users\ravin\AppData\Local\Programs\Python\Python311\Lib\site-packages\starlette\routing.py", line 776, in app
    await route.handle(scope, receive, send)
  File "C:\Users\ravin\AppData\Local\Programs\Python\Python311\Lib\site-packages\starlette\routing.py", line 297, in handle
    await self.app(scope, receive, send)
  File "C:\Users\ravin\AppData\Local\Programs\Python\Python311\Lib\site-packages\starlette\routing.py", line 77, in app
    await wrap_app_handling_exceptions(app, request)(scope, receive, send)
  File "C:\Users\ravin\AppData\Local\Programs\Python\Python311\Lib\site-packages\starlette\_exception_handler.py", line 64, in wrapped_app
    raise exc
  File "C:\Users\ravin\AppData\Local\Programs\Python\Python311\Lib\site-packages\starlette\_exception_handler.py", line 53, in wrapped_app
    await app(scope, receive, sender)
  File "C:\Users\ravin\AppData\Local\Programs\Python\Python311\Lib\site-packages\starlette\routing.py", line 72, in app
    response = await func(request)
               ^^^^^^^^^^^^^^^^^^^
  File "C:\Users\ravin\AppData\Local\Programs\Python\Python311\Lib\site-packages\fastapi\routing.py", line 301, in app
    raw_response = await run_endpoint_function(
                   ^^^^^^^^^^^^^^^^^^^^^^^^^^^^
  File "C:\Users\ravin\AppData\Local\Programs\Python\Python311\Lib\site-packages\fastapi\routing.py", line 212, in run_endpoint_function
    return await dependant.call(**values)
           ^^^^^^^^^^^^^^^^^^^^^^^^^^^^^^
  File "D:\ravishori\SecureShieldApp\backend\app\routers\app_scanner.py", line 70, in scan_apps
    await db.commit()
  File "C:\Users\ravin\AppData\Local\Programs\Python\Python311\Lib\site-packages\sqlalchemy\ext\asyncio\session.py", line 1009, in commit
    await greenlet_spawn(self.sync_session.commit)
  File "C:\Users\ravin\AppData\Local\Programs\Python\Python311\Lib\site-packages\sqlalchemy\util\_concurrency_py3k.py", line 203, in greenlet_spawn
    result = context.switch(value)
             ^^^^^^^^^^^^^^^^^^^^^
  File "C:\Users\ravin\AppData\Local\Programs\Python\Python311\Lib\site-packages\sqlalchemy\orm\session.py", line 2028, in commit
    trans.commit(_to_root=True)
  File "<string>", line 2, in commit
  File "C:\Users\ravin\AppData\Local\Programs\Python\Python311\Lib\site-packages\sqlalchemy\orm\state_changes.py", line 139, in _go
    ret_value = fn(self, *arg, **kw)
                ^^^^^^^^^^^^^^^^^^^^
  File "C:\Users\ravin\AppData\Local\Programs\Python\Python311\Lib\site-packages\sqlalchemy\orm\session.py", line 1313, in commit
    self._prepare_impl()
  File "<string>", line 2, in _prepare_impl
  File "C:\Users\ravin\AppData\Local\Programs\Python\Python311\Lib\site-packages\sqlalchemy\orm\state_changes.py", line 139, in _go
    ret_value = fn(self, *arg, **kw)
                ^^^^^^^^^^^^^^^^^^^^
  File "C:\Users\ravin\AppData\Local\Programs\Python\Python311\Lib\site-packages\sqlalchemy\orm\session.py", line 1288, in _prepare_impl
    self.session.flush()
  File "C:\Users\ravin\AppData\Local\Programs\Python\Python311\Lib\site-packages\sqlalchemy\orm\session.py", line 4352, in flush
    self._flush(objects)
  File "C:\Users\ravin\AppData\Local\Programs\Python\Python311\Lib\site-packages\sqlalchemy\orm\session.py", line 4487, in _flush
    with util.safe_reraise():
  File "C:\Users\ravin\AppData\Local\Programs\Python\Python311\Lib\site-packages\sqlalchemy\util\langhelpers.py", line 146, in __exit__
    raise exc_value.with_traceback(exc_tb)
  File "C:\Users\ravin\AppData\Local\Programs\Python\Python311\Lib\site-packages\sqlalchemy\orm\session.py", line 4448, in _flush
    flush_context.execute()
  File "C:\Users\ravin\AppData\Local\Programs\Python\Python311\Lib\site-packages\sqlalchemy\orm\unitofwork.py", line 466, in execute
    rec.execute(self)
  File "C:\Users\ravin\AppData\Local\Programs\Python\Python311\Lib\site-packages\sqlalchemy\orm\unitofwork.py", line 642, in execute
    util.preloaded.orm_persistence.save_obj(
  File "C:\Users\ravin\AppData\Local\Programs\Python\Python311\Lib\site-packages\sqlalchemy\orm\persistence.py", line 93, in save_obj
    _emit_insert_statements(
  File "C:\Users\ravin\AppData\Local\Programs\Python\Python311\Lib\site-packages\sqlalchemy\orm\persistence.py", line 1233, in _emit_insert_statements
    result = connection.execute(
             ^^^^^^^^^^^^^^^^^^^
  File "C:\Users\ravin\AppData\Local\Programs\Python\Python311\Lib\site-packages\sqlalchemy\engine\base.py", line 1418, in execute
    return meth(
           ^^^^^
  File "C:\Users\ravin\AppData\Local\Programs\Python\Python311\Lib\site-packages\sqlalchemy\sql\elements.py", line 515, in _execute_on_connection
    return connection._execute_clauseelement(
           ^^^^^^^^^^^^^^^^^^^^^^^^^^^^^^^^^^
  File "C:\Users\ravin\AppData\Local\Programs\Python\Python311\Lib\site-packages\sqlalchemy\engine\base.py", line 1640, in _execute_clauseelement
    ret = self._execute_context(
          ^^^^^^^^^^^^^^^^^^^^^^
  File "C:\Users\ravin\AppData\Local\Programs\Python\Python311\Lib\site-packages\sqlalchemy\engine\base.py", line 1846, in _execute_context
    return self._exec_single_context(
           ^^^^^^^^^^^^^^^^^^^^^^^^^^
  File "C:\Users\ravin\AppData\Local\Programs\Python\Python311\Lib\site-packages\sqlalchemy\engine\base.py", line 1986, in _exec_single_context
    self._handle_dbapi_exception(
  File "C:\Users\ravin\AppData\Local\Programs\Python\Python311\Lib\site-packages\sqlalchemy\engine\base.py", line 2355, in _handle_dbapi_exception
    raise sqlalchemy_exception.with_traceback(exc_info[2]) from e
  File "C:\Users\ravin\AppData\Local\Programs\Python\Python311\Lib\site-packages\sqlalchemy\engine\base.py", line 1967, in _exec_single_context
    self.dialect.do_execute(
  File "C:\Users\ravin\AppData\Local\Programs\Python\Python311\Lib\site-packages\sqlalchemy\engine\default.py", line 941, in do_execute
    cursor.execute(statement, parameters)
  File "C:\Users\ravin\AppData\Local\Programs\Python\Python311\Lib\site-packages\sqlalchemy\dialects\postgresql\asyncpg.py", line 568, in execute
    self._adapt_connection.await_(
  File "C:\Users\ravin\AppData\Local\Programs\Python\Python311\Lib\site-packages\sqlalchemy\util\_concurrency_py3k.py", line 132, in await_only
    return current.parent.switch(awaitable)  # type: ignore[no-any-return,attr-defined] # noqa: E501
           ^^^^^^^^^^^^^^^^^^^^^^^^^^^^^^^^
  File "C:\Users\ravin\AppData\Local\Programs\Python\Python311\Lib\site-packages\sqlalchemy\util\_concurrency_py3k.py", line 196, in greenlet_spawn
    value = await result
            ^^^^^^^^^^^^
  File "C:\Users\ravin\AppData\Local\Programs\Python\Python311\Lib\site-packages\sqlalchemy\dialects\postgresql\asyncpg.py", line 546, in _prepare_and_execute
    self._handle_exception(error)
  File "C:\Users\ravin\AppData\Local\Programs\Python\Python311\Lib\site-packages\sqlalchemy\dialects\postgresql\asyncpg.py", line 497, in _handle_exception
    self._adapt_connection._handle_exception(error)
  File "C:\Users\ravin\AppData\Local\Programs\Python\Python311\Lib\site-packages\sqlalchemy\dialects\postgresql\asyncpg.py", line 780, in _handle_exception
    raise translated_error from error
sqlalchemy.exc.IntegrityError: (sqlalchemy.dialects.postgresql.asyncpg.IntegrityError) <class 'asyncpg.exceptions.ForeignKeyViolationError'>: insert or update on table "alerts" violates foreign key constraint "alerts_device_id_fkey"
DETAIL:  Key (device_id)=(00000000-0000-0000-0000-000000000001) is not present in table "devices".
[SQL: INSERT INTO alerts (id, user_id, device_id, alert_type, title, message, severity, is_read, is_dismissed, extra_data, created_at) VALUES ($1::UUID, $2::UUID, $3::UUID, $4::alerttype, $5::VARCHAR, $6::VARCHAR, $7::alertseverity, $8::BOOLEAN, $9::BOOLEAN, $10::JSONB, $11::TIMESTAMP WITHOUT TIME ZONE)]
[parameters: (UUID('16a0554d-31df-4bc5-97af-cc95cd49fd73'), UUID('17983653-1d3d-4e8c-96ed-56c74dabb484'), UUID('00000000-0000-0000-0000-000000000001'), 'app_risk', 'Risky App Detected: Suspicious Tracker', 'Suspicious Tracker has a risk score of 100/100. Threat: data_harvesting, surveillance_risk, potential_spyware.', 'critical', False, False, '{"package_name": "com.suspicious.tracker", "risk_score": 100.0, "removal_reason": "Critically risky permissions detected. Strongly consider uninstalling this app."}', datetime.datetime(2026, 4, 29, 16, 17, 43, 405326))]
(Background on this error at: https://sqlalche.me/e/20/gkpj)

2026-04-29 21:47:47 | INFO     | secureshield                   | Error alert email sent → ravishori@gmail.com
2026-04-29 21:47:49 | CRITICAL | secureshield./api/v1/app-scanner/scan | Unhandled exception in request cycle — (sqlalchemy.dialects.postgresql.asyncpg.IntegrityError) <class 'asyncpg.exceptions.ForeignKeyViolationError'>: insert or update on table "alerts" violates foreign key constraint "alerts_device_id_fkey"
DETAIL:  Key (device_id)=(00000000-0000-0000-0000-000000000001) is not present in table "devices".
[SQL: INSERT INTO alerts (id, user_id, device_id, alert_type, title, message, severity, is_read, is_dismissed, extra_data, created_at) VALUES ($1::UUID, $2::UUID, $3::UUID, $4::alerttype, $5::VARCHAR, $6::VARCHAR, $7::alertseverity, $8::BOOLEAN, $9::BOOLEAN, $10::JSONB, $11::TIMESTAMP WITHOUT TIME ZONE)]
[parameters: (UUID('9c782615-e771-4c51-afa4-ef1312dc0dd1'), UUID('17983653-1d3d-4e8c-96ed-56c74dabb484'), UUID('00000000-0000-0000-0000-000000000001'), 'app_risk', 'Risky App Detected: Suspicious Tracker', 'Suspicious Tracker has a risk score of 100/100. Threat: data_harvesting, surveillance_risk, potential_spyware.', 'critical', False, False, '{"package_name": "com.suspicious.tracker", "risk_score": 100.0, "removal_reason": "Critically risky permissions detected. Strongly consider uninstalling this app."}', datetime.datetime(2026, 4, 29, 16, 17, 49, 124436))]
(Background on this error at: https://sqlalche.me/e/20/gkpj)
2026-04-29 21:47:49 | DEBUG    | secureshield./api/v1/app-scanner/scan | Traceback:
Traceback (most recent call last):
  File "C:\Users\ravin\AppData\Local\Programs\Python\Python311\Lib\site-packages\sqlalchemy\dialects\postgresql\asyncpg.py", line 534, in _prepare_and_execute
    self._rows = deque(await prepared_stmt.fetch(*parameters))
                       ^^^^^^^^^^^^^^^^^^^^^^^^^^^^^^^^^^^^^^
  File "C:\Users\ravin\AppData\Local\Programs\Python\Python311\Lib\site-packages\asyncpg\prepared_stmt.py", line 176, in fetch
    data = await self.__bind_execute(args, 0, timeout)
           ^^^^^^^^^^^^^^^^^^^^^^^^^^^^^^^^^^^^^^^^^^^
  File "C:\Users\ravin\AppData\Local\Programs\Python\Python311\Lib\site-packages\asyncpg\prepared_stmt.py", line 241, in __bind_execute
    data, status, _ = await self.__do_execute(
                      ^^^^^^^^^^^^^^^^^^^^^^^^
  File "C:\Users\ravin\AppData\Local\Programs\Python\Python311\Lib\site-packages\asyncpg\prepared_stmt.py", line 230, in __do_execute
    return await executor(protocol)
           ^^^^^^^^^^^^^^^^^^^^^^^^
  File "asyncpg\protocol\protocol.pyx", line 207, in bind_execute
asyncpg.exceptions.ForeignKeyViolationError: insert or update on table "alerts" violates foreign key constraint "alerts_device_id_fkey"
DETAIL:  Key (device_id)=(00000000-0000-0000-0000-000000000001) is not present in table "devices".

The above exception was the direct cause of the following exception:

Traceback (most recent call last):
  File "C:\Users\ravin\AppData\Local\Programs\Python\Python311\Lib\site-packages\sqlalchemy\engine\base.py", line 1967, in _exec_single_context
    self.dialect.do_execute(
  File "C:\Users\ravin\AppData\Local\Programs\Python\Python311\Lib\site-packages\sqlalchemy\engine\default.py", line 941, in do_execute
    cursor.execute(statement, parameters)
  File "C:\Users\ravin\AppData\Local\Programs\Python\Python311\Lib\site-packages\sqlalchemy\dialects\postgresql\asyncpg.py", line 568, in execute
    self._adapt_connection.await_(
  File "C:\Users\ravin\AppData\Local\Programs\Python\Python311\Lib\site-packages\sqlalchemy\util\_concurrency_py3k.py", line 132, in await_only
    return current.parent.switch(awaitable)  # type: ignore[no-any-return,attr-defined] # noqa: E501
           ^^^^^^^^^^^^^^^^^^^^^^^^^^^^^^^^
  File "C:\Users\ravin\AppData\Local\Programs\Python\Python311\Lib\site-packages\sqlalchemy\util\_concurrency_py3k.py", line 196, in greenlet_spawn
    value = await result
            ^^^^^^^^^^^^
  File "C:\Users\ravin\AppData\Local\Programs\Python\Python311\Lib\site-packages\sqlalchemy\dialects\postgresql\asyncpg.py", line 546, in _prepare_and_execute
    self._handle_exception(error)
  File "C:\Users\ravin\AppData\Local\Programs\Python\Python311\Lib\site-packages\sqlalchemy\dialects\postgresql\asyncpg.py", line 497, in _handle_exception
    self._adapt_connection._handle_exception(error)
  File "C:\Users\ravin\AppData\Local\Programs\Python\Python311\Lib\site-packages\sqlalchemy\dialects\postgresql\asyncpg.py", line 780, in _handle_exception
    raise translated_error from error
sqlalchemy.dialects.postgresql.asyncpg.AsyncAdapt_asyncpg_dbapi.IntegrityError: <class 'asyncpg.exceptions.ForeignKeyViolationError'>: insert or update on table "alerts" violates foreign key constraint "alerts_device_id_fkey"
DETAIL:  Key (device_id)=(00000000-0000-0000-0000-000000000001) is not present in table "devices".

The above exception was the direct cause of the following exception:

Traceback (most recent call last):
  File "D:\ravishori\SecureShieldApp\backend\app\middleware\error_handler.py", line 29, in dispatch
    response = await call_next(request)
               ^^^^^^^^^^^^^^^^^^^^^^^^
  File "C:\Users\ravin\AppData\Local\Programs\Python\Python311\Lib\site-packages\starlette\middleware\base.py", line 165, in call_next
    raise app_exc
  File "C:\Users\ravin\AppData\Local\Programs\Python\Python311\Lib\site-packages\starlette\middleware\base.py", line 151, in coro
    await self.app(scope, receive_or_disconnect, send_no_error)
  File "C:\Users\ravin\AppData\Local\Programs\Python\Python311\Lib\site-packages\starlette\middleware\exceptions.py", line 65, in __call__
    await wrap_app_handling_exceptions(self.app, conn)(scope, receive, send)
  File "C:\Users\ravin\AppData\Local\Programs\Python\Python311\Lib\site-packages\starlette\_exception_handler.py", line 64, in wrapped_app
    raise exc
  File "C:\Users\ravin\AppData\Local\Programs\Python\Python311\Lib\site-packages\starlette\_exception_handler.py", line 53, in wrapped_app
    await app(scope, receive, sender)
  File "C:\Users\ravin\AppData\Local\Programs\Python\Python311\Lib\site-packages\starlette\routing.py", line 756, in __call__
    await self.middleware_stack(scope, receive, send)
  File "C:\Users\ravin\AppData\Local\Programs\Python\Python311\Lib\site-packages\starlette\routing.py", line 776, in app
    await route.handle(scope, receive, send)
  File "C:\Users\ravin\AppData\Local\Programs\Python\Python311\Lib\site-packages\starlette\routing.py", line 297, in handle
    await self.app(scope, receive, send)
  File "C:\Users\ravin\AppData\Local\Programs\Python\Python311\Lib\site-packages\starlette\routing.py", line 77, in app
    await wrap_app_handling_exceptions(app, request)(scope, receive, send)
  File "C:\Users\ravin\AppData\Local\Programs\Python\Python311\Lib\site-packages\starlette\_exception_handler.py", line 64, in wrapped_app
    raise exc
  File "C:\Users\ravin\AppData\Local\Programs\Python\Python311\Lib\site-packages\starlette\_exception_handler.py", line 53, in wrapped_app
    await app(scope, receive, sender)
  File "C:\Users\ravin\AppData\Local\Programs\Python\Python311\Lib\site-packages\starlette\routing.py", line 72, in app
    response = await func(request)
               ^^^^^^^^^^^^^^^^^^^
  File "C:\Users\ravin\AppData\Local\Programs\Python\Python311\Lib\site-packages\fastapi\routing.py", line 301, in app
    raw_response = await run_endpoint_function(
                   ^^^^^^^^^^^^^^^^^^^^^^^^^^^^
  File "C:\Users\ravin\AppData\Local\Programs\Python\Python311\Lib\site-packages\fastapi\routing.py", line 212, in run_endpoint_function
    return await dependant.call(**values)
           ^^^^^^^^^^^^^^^^^^^^^^^^^^^^^^
  File "D:\ravishori\SecureShieldApp\backend\app\routers\app_scanner.py", line 70, in scan_apps
    await db.commit()
  File "C:\Users\ravin\AppData\Local\Programs\Python\Python311\Lib\site-packages\sqlalchemy\ext\asyncio\session.py", line 1009, in commit
    await greenlet_spawn(self.sync_session.commit)
  File "C:\Users\ravin\AppData\Local\Programs\Python\Python311\Lib\site-packages\sqlalchemy\util\_concurrency_py3k.py", line 203, in greenlet_spawn
    result = context.switch(value)
             ^^^^^^^^^^^^^^^^^^^^^
  File "C:\Users\ravin\AppData\Local\Programs\Python\Python311\Lib\site-packages\sqlalchemy\orm\session.py", line 2028, in commit
    trans.commit(_to_root=True)
  File "<string>", line 2, in commit
  File "C:\Users\ravin\AppData\Local\Programs\Python\Python311\Lib\site-packages\sqlalchemy\orm\state_changes.py", line 139, in _go
    ret_value = fn(self, *arg, **kw)
                ^^^^^^^^^^^^^^^^^^^^
  File "C:\Users\ravin\AppData\Local\Programs\Python\Python311\Lib\site-packages\sqlalchemy\orm\session.py", line 1313, in commit
    self._prepare_impl()
  File "<string>", line 2, in _prepare_impl
  File "C:\Users\ravin\AppData\Local\Programs\Python\Python311\Lib\site-packages\sqlalchemy\orm\state_changes.py", line 139, in _go
    ret_value = fn(self, *arg, **kw)
                ^^^^^^^^^^^^^^^^^^^^
  File "C:\Users\ravin\AppData\Local\Programs\Python\Python311\Lib\site-packages\sqlalchemy\orm\session.py", line 1288, in _prepare_impl
    self.session.flush()
  File "C:\Users\ravin\AppData\Local\Programs\Python\Python311\Lib\site-packages\sqlalchemy\orm\session.py", line 4352, in flush
    self._flush(objects)
  File "C:\Users\ravin\AppData\Local\Programs\Python\Python311\Lib\site-packages\sqlalchemy\orm\session.py", line 4487, in _flush
    with util.safe_reraise():
  File "C:\Users\ravin\AppData\Local\Programs\Python\Python311\Lib\site-packages\sqlalchemy\util\langhelpers.py", line 146, in __exit__
    raise exc_value.with_traceback(exc_tb)
  File "C:\Users\ravin\AppData\Local\Programs\Python\Python311\Lib\site-packages\sqlalchemy\orm\session.py", line 4448, in _flush
    flush_context.execute()
  File "C:\Users\ravin\AppData\Local\Programs\Python\Python311\Lib\site-packages\sqlalchemy\orm\unitofwork.py", line 466, in execute
    rec.execute(self)
  File "C:\Users\ravin\AppData\Local\Programs\Python\Python311\Lib\site-packages\sqlalchemy\orm\unitofwork.py", line 642, in execute
    util.preloaded.orm_persistence.save_obj(
  File "C:\Users\ravin\AppData\Local\Programs\Python\Python311\Lib\site-packages\sqlalchemy\orm\persistence.py", line 93, in save_obj
    _emit_insert_statements(
  File "C:\Users\ravin\AppData\Local\Programs\Python\Python311\Lib\site-packages\sqlalchemy\orm\persistence.py", line 1233, in _emit_insert_statements
    result = connection.execute(
             ^^^^^^^^^^^^^^^^^^^
  File "C:\Users\ravin\AppData\Local\Programs\Python\Python311\Lib\site-packages\sqlalchemy\engine\base.py", line 1418, in execute
    return meth(
           ^^^^^
  File "C:\Users\ravin\AppData\Local\Programs\Python\Python311\Lib\site-packages\sqlalchemy\sql\elements.py", line 515, in _execute_on_connection
    return connection._execute_clauseelement(
           ^^^^^^^^^^^^^^^^^^^^^^^^^^^^^^^^^^
  File "C:\Users\ravin\AppData\Local\Programs\Python\Python311\Lib\site-packages\sqlalchemy\engine\base.py", line 1640, in _execute_clauseelement
    ret = self._execute_context(
          ^^^^^^^^^^^^^^^^^^^^^^
  File "C:\Users\ravin\AppData\Local\Programs\Python\Python311\Lib\site-packages\sqlalchemy\engine\base.py", line 1846, in _execute_context
    return self._exec_single_context(
           ^^^^^^^^^^^^^^^^^^^^^^^^^^
  File "C:\Users\ravin\AppData\Local\Programs\Python\Python311\Lib\site-packages\sqlalchemy\engine\base.py", line 1986, in _exec_single_context
    self._handle_dbapi_exception(
  File "C:\Users\ravin\AppData\Local\Programs\Python\Python311\Lib\site-packages\sqlalchemy\engine\base.py", line 2355, in _handle_dbapi_exception
    raise sqlalchemy_exception.with_traceback(exc_info[2]) from e
  File "C:\Users\ravin\AppData\Local\Programs\Python\Python311\Lib\site-packages\sqlalchemy\engine\base.py", line 1967, in _exec_single_context
    self.dialect.do_execute(
  File "C:\Users\ravin\AppData\Local\Programs\Python\Python311\Lib\site-packages\sqlalchemy\engine\default.py", line 941, in do_execute
    cursor.execute(statement, parameters)
  File "C:\Users\ravin\AppData\Local\Programs\Python\Python311\Lib\site-packages\sqlalchemy\dialects\postgresql\asyncpg.py", line 568, in execute
    self._adapt_connection.await_(
  File "C:\Users\ravin\AppData\Local\Programs\Python\Python311\Lib\site-packages\sqlalchemy\util\_concurrency_py3k.py", line 132, in await_only
    return current.parent.switch(awaitable)  # type: ignore[no-any-return,attr-defined] # noqa: E501
           ^^^^^^^^^^^^^^^^^^^^^^^^^^^^^^^^
  File "C:\Users\ravin\AppData\Local\Programs\Python\Python311\Lib\site-packages\sqlalchemy\util\_concurrency_py3k.py", line 196, in greenlet_spawn
    value = await result
            ^^^^^^^^^^^^
  File "C:\Users\ravin\AppData\Local\Programs\Python\Python311\Lib\site-packages\sqlalchemy\dialects\postgresql\asyncpg.py", line 546, in _prepare_and_execute
    self._handle_exception(error)
  File "C:\Users\ravin\AppData\Local\Programs\Python\Python311\Lib\site-packages\sqlalchemy\dialects\postgresql\asyncpg.py", line 497, in _handle_exception
    self._adapt_connection._handle_exception(error)
  File "C:\Users\ravin\AppData\Local\Programs\Python\Python311\Lib\site-packages\sqlalchemy\dialects\postgresql\asyncpg.py", line 780, in _handle_exception
    raise translated_error from error
sqlalchemy.exc.IntegrityError: (sqlalchemy.dialects.postgresql.asyncpg.IntegrityError) <class 'asyncpg.exceptions.ForeignKeyViolationError'>: insert or update on table "alerts" violates foreign key constraint "alerts_device_id_fkey"
DETAIL:  Key (device_id)=(00000000-0000-0000-0000-000000000001) is not present in table "devices".
[SQL: INSERT INTO alerts (id, user_id, device_id, alert_type, title, message, severity, is_read, is_dismissed, extra_data, created_at) VALUES ($1::UUID, $2::UUID, $3::UUID, $4::alerttype, $5::VARCHAR, $6::VARCHAR, $7::alertseverity, $8::BOOLEAN, $9::BOOLEAN, $10::JSONB, $11::TIMESTAMP WITHOUT TIME ZONE)]
[parameters: (UUID('9c782615-e771-4c51-afa4-ef1312dc0dd1'), UUID('17983653-1d3d-4e8c-96ed-56c74dabb484'), UUID('00000000-0000-0000-0000-000000000001'), 'app_risk', 'Risky App Detected: Suspicious Tracker', 'Suspicious Tracker has a risk score of 100/100. Threat: data_harvesting, surveillance_risk, potential_spyware.', 'critical', False, False, '{"package_name": "com.suspicious.tracker", "risk_score": 100.0, "removal_reason": "Critically risky permissions detected. Strongly consider uninstalling this app."}', datetime.datetime(2026, 4, 29, 16, 17, 49, 124436))]
(Background on this error at: https://sqlalche.me/e/20/gkpj)

2026-04-29 21:47:53 | INFO     | secureshield                   | Error alert email sent → ravishori@gmail.com
2026-04-29 21:48:22 | INFO     | secureshield.app.main          | SecureShield AI API shutting down.
2026-04-29 21:48:29 | INFO     | secureshield.app.main          | ============================================================
2026-04-29 21:48:29 | INFO     | secureshield.app.main          | SecureShield AI API starting up...
2026-04-29 21:48:29 | INFO     | secureshield.app.main          | Logging → file: logs/secureshield.log  |  DB: error_logs table
2026-04-29 21:48:29 | INFO     | secureshield.app.main          | Rate limiting: 100 req/min per IP
2026-04-29 21:48:29 | INFO     | secureshield.app.main          | ============================================================
2026-04-29 21:48:29 | INFO     | secureshield.app.main          | Startup cleanup: no error_log records older than 90 days found.
2026-04-29 21:51:54 | INFO     | secureshield.app.main          | SecureShield AI API shutting down.
2026-04-29 21:52:00 | INFO     | secureshield.app.main          | ============================================================
2026-04-29 21:52:00 | INFO     | secureshield.app.main          | SecureShield AI API starting up...
2026-04-29 21:52:00 | INFO     | secureshield.app.main          | Logging → file: logs/secureshield.log  |  DB: error_logs table
2026-04-29 21:52:00 | INFO     | secureshield.app.main          | Rate limiting: 100 req/min per IP
2026-04-29 21:52:00 | INFO     | secureshield.app.main          | ============================================================
2026-04-29 21:52:00 | INFO     | secureshield.app.main          | Startup cleanup: no error_log records older than 90 days found.
2026-04-29 21:52:00 | INFO     | secureshield.app.main          | SecureShield AI API shutting down.
2026-04-29 21:52:03 | INFO     | secureshield.app.main          | ============================================================
2026-04-29 21:52:03 | INFO     | secureshield.app.main          | SecureShield AI API starting up...
2026-04-29 21:52:03 | INFO     | secureshield.app.main          | Logging → file: logs/secureshield.log  |  DB: error_logs table
2026-04-29 21:52:03 | INFO     | secureshield.app.main          | Rate limiting: 100 req/min per IP
2026-04-29 21:52:03 | INFO     | secureshield.app.main          | ============================================================
2026-04-29 21:52:03 | INFO     | secureshield.app.main          | Startup cleanup: no error_log records older than 90 days found.
2026-04-29 21:53:23 | CRITICAL | secureshield./api/v1/app-scanner/scan | Unhandled exception in request cycle — (sqlalchemy.dialects.postgresql.asyncpg.IntegrityError) <class 'asyncpg.exceptions.ForeignKeyViolationError'>: insert or update on table "alerts" violates foreign key constraint "alerts_device_id_fkey"
DETAIL:  Key (device_id)=(00000000-0000-0000-0000-000000000001) is not present in table "devices".
[SQL: INSERT INTO alerts (id, user_id, device_id, alert_type, title, message, severity, is_read, is_dismissed, extra_data, created_at) VALUES ($1::UUID, $2::UUID, $3::UUID, $4::alerttype, $5::VARCHAR, $6::VARCHAR, $7::alertseverity, $8::BOOLEAN, $9::BOOLEAN, $10::JSONB, $11::TIMESTAMP WITHOUT TIME ZONE)]
[parameters: (UUID('1584baa8-eb44-47dc-b986-07a75823c4ec'), UUID('17983653-1d3d-4e8c-96ed-56c74dabb484'), UUID('00000000-0000-0000-0000-000000000001'), 'app_risk', 'Risky App Detected: Suspicious Tracker', 'Suspicious Tracker has a risk score of 100/100. Threat: data_harvesting, surveillance_risk, potential_spyware.', 'critical', False, False, '{"package_name": "com.suspicious.tracker", "risk_score": 100.0, "removal_reason": "Critically risky permissions detected. Strongly consider uninstalling this app."}', datetime.datetime(2026, 4, 29, 16, 23, 22, 874301))]
(Background on this error at: https://sqlalche.me/e/20/gkpj)
2026-04-29 21:53:23 | DEBUG    | secureshield./api/v1/app-scanner/scan | Traceback:
Traceback (most recent call last):
  File "C:\Users\ravin\AppData\Local\Programs\Python\Python311\Lib\site-packages\sqlalchemy\dialects\postgresql\asyncpg.py", line 534, in _prepare_and_execute
    self._rows = deque(await prepared_stmt.fetch(*parameters))
                       ^^^^^^^^^^^^^^^^^^^^^^^^^^^^^^^^^^^^^^
  File "C:\Users\ravin\AppData\Local\Programs\Python\Python311\Lib\site-packages\asyncpg\prepared_stmt.py", line 176, in fetch
    data = await self.__bind_execute(args, 0, timeout)
           ^^^^^^^^^^^^^^^^^^^^^^^^^^^^^^^^^^^^^^^^^^^
  File "C:\Users\ravin\AppData\Local\Programs\Python\Python311\Lib\site-packages\asyncpg\prepared_stmt.py", line 241, in __bind_execute
    data, status, _ = await self.__do_execute(
                      ^^^^^^^^^^^^^^^^^^^^^^^^
  File "C:\Users\ravin\AppData\Local\Programs\Python\Python311\Lib\site-packages\asyncpg\prepared_stmt.py", line 230, in __do_execute
    return await executor(protocol)
           ^^^^^^^^^^^^^^^^^^^^^^^^
  File "asyncpg\protocol\protocol.pyx", line 207, in bind_execute
asyncpg.exceptions.ForeignKeyViolationError: insert or update on table "alerts" violates foreign key constraint "alerts_device_id_fkey"
DETAIL:  Key (device_id)=(00000000-0000-0000-0000-000000000001) is not present in table "devices".

The above exception was the direct cause of the following exception:

Traceback (most recent call last):
  File "C:\Users\ravin\AppData\Local\Programs\Python\Python311\Lib\site-packages\sqlalchemy\engine\base.py", line 1967, in _exec_single_context
    self.dialect.do_execute(
  File "C:\Users\ravin\AppData\Local\Programs\Python\Python311\Lib\site-packages\sqlalchemy\engine\default.py", line 941, in do_execute
    cursor.execute(statement, parameters)
  File "C:\Users\ravin\AppData\Local\Programs\Python\Python311\Lib\site-packages\sqlalchemy\dialects\postgresql\asyncpg.py", line 568, in execute
    self._adapt_connection.await_(
  File "C:\Users\ravin\AppData\Local\Programs\Python\Python311\Lib\site-packages\sqlalchemy\util\_concurrency_py3k.py", line 132, in await_only
    return current.parent.switch(awaitable)  # type: ignore[no-any-return,attr-defined] # noqa: E501
           ^^^^^^^^^^^^^^^^^^^^^^^^^^^^^^^^
  File "C:\Users\ravin\AppData\Local\Programs\Python\Python311\Lib\site-packages\sqlalchemy\util\_concurrency_py3k.py", line 196, in greenlet_spawn
    value = await result
            ^^^^^^^^^^^^
  File "C:\Users\ravin\AppData\Local\Programs\Python\Python311\Lib\site-packages\sqlalchemy\dialects\postgresql\asyncpg.py", line 546, in _prepare_and_execute
    self._handle_exception(error)
  File "C:\Users\ravin\AppData\Local\Programs\Python\Python311\Lib\site-packages\sqlalchemy\dialects\postgresql\asyncpg.py", line 497, in _handle_exception
    self._adapt_connection._handle_exception(error)
  File "C:\Users\ravin\AppData\Local\Programs\Python\Python311\Lib\site-packages\sqlalchemy\dialects\postgresql\asyncpg.py", line 780, in _handle_exception
    raise translated_error from error
sqlalchemy.dialects.postgresql.asyncpg.AsyncAdapt_asyncpg_dbapi.IntegrityError: <class 'asyncpg.exceptions.ForeignKeyViolationError'>: insert or update on table "alerts" violates foreign key constraint "alerts_device_id_fkey"
DETAIL:  Key (device_id)=(00000000-0000-0000-0000-000000000001) is not present in table "devices".

The above exception was the direct cause of the following exception:

Traceback (most recent call last):
  File "D:\ravishori\SecureShieldApp\backend\app\middleware\error_handler.py", line 29, in dispatch
    response = await call_next(request)
               ^^^^^^^^^^^^^^^^^^^^^^^^
  File "C:\Users\ravin\AppData\Local\Programs\Python\Python311\Lib\site-packages\starlette\middleware\base.py", line 165, in call_next
    raise app_exc
  File "C:\Users\ravin\AppData\Local\Programs\Python\Python311\Lib\site-packages\starlette\middleware\base.py", line 151, in coro
    await self.app(scope, receive_or_disconnect, send_no_error)
  File "C:\Users\ravin\AppData\Local\Programs\Python\Python311\Lib\site-packages\starlette\middleware\exceptions.py", line 65, in __call__
    await wrap_app_handling_exceptions(self.app, conn)(scope, receive, send)
  File "C:\Users\ravin\AppData\Local\Programs\Python\Python311\Lib\site-packages\starlette\_exception_handler.py", line 64, in wrapped_app
    raise exc
  File "C:\Users\ravin\AppData\Local\Programs\Python\Python311\Lib\site-packages\starlette\_exception_handler.py", line 53, in wrapped_app
    await app(scope, receive, sender)
  File "C:\Users\ravin\AppData\Local\Programs\Python\Python311\Lib\site-packages\starlette\routing.py", line 756, in __call__
    await self.middleware_stack(scope, receive, send)
  File "C:\Users\ravin\AppData\Local\Programs\Python\Python311\Lib\site-packages\starlette\routing.py", line 776, in app
    await route.handle(scope, receive, send)
  File "C:\Users\ravin\AppData\Local\Programs\Python\Python311\Lib\site-packages\starlette\routing.py", line 297, in handle
    await self.app(scope, receive, send)
  File "C:\Users\ravin\AppData\Local\Programs\Python\Python311\Lib\site-packages\starlette\routing.py", line 77, in app
    await wrap_app_handling_exceptions(app, request)(scope, receive, send)
  File "C:\Users\ravin\AppData\Local\Programs\Python\Python311\Lib\site-packages\starlette\_exception_handler.py", line 64, in wrapped_app
    raise exc
  File "C:\Users\ravin\AppData\Local\Programs\Python\Python311\Lib\site-packages\starlette\_exception_handler.py", line 53, in wrapped_app
    await app(scope, receive, sender)
  File "C:\Users\ravin\AppData\Local\Programs\Python\Python311\Lib\site-packages\starlette\routing.py", line 72, in app
    response = await func(request)
               ^^^^^^^^^^^^^^^^^^^
  File "C:\Users\ravin\AppData\Local\Programs\Python\Python311\Lib\site-packages\fastapi\routing.py", line 301, in app
    raw_response = await run_endpoint_function(
                   ^^^^^^^^^^^^^^^^^^^^^^^^^^^^
  File "C:\Users\ravin\AppData\Local\Programs\Python\Python311\Lib\site-packages\fastapi\routing.py", line 212, in run_endpoint_function
    return await dependant.call(**values)
           ^^^^^^^^^^^^^^^^^^^^^^^^^^^^^^
  File "D:\ravishori\SecureShieldApp\backend\app\routers\app_scanner.py", line 70, in scan_apps
    await db.commit()
  File "C:\Users\ravin\AppData\Local\Programs\Python\Python311\Lib\site-packages\sqlalchemy\ext\asyncio\session.py", line 1009, in commit
    await greenlet_spawn(self.sync_session.commit)
  File "C:\Users\ravin\AppData\Local\Programs\Python\Python311\Lib\site-packages\sqlalchemy\util\_concurrency_py3k.py", line 203, in greenlet_spawn
    result = context.switch(value)
             ^^^^^^^^^^^^^^^^^^^^^
  File "C:\Users\ravin\AppData\Local\Programs\Python\Python311\Lib\site-packages\sqlalchemy\orm\session.py", line 2028, in commit
    trans.commit(_to_root=True)
  File "<string>", line 2, in commit
  File "C:\Users\ravin\AppData\Local\Programs\Python\Python311\Lib\site-packages\sqlalchemy\orm\state_changes.py", line 139, in _go
    ret_value = fn(self, *arg, **kw)
                ^^^^^^^^^^^^^^^^^^^^
  File "C:\Users\ravin\AppData\Local\Programs\Python\Python311\Lib\site-packages\sqlalchemy\orm\session.py", line 1313, in commit
    self._prepare_impl()
  File "<string>", line 2, in _prepare_impl
  File "C:\Users\ravin\AppData\Local\Programs\Python\Python311\Lib\site-packages\sqlalchemy\orm\state_changes.py", line 139, in _go
    ret_value = fn(self, *arg, **kw)
                ^^^^^^^^^^^^^^^^^^^^
  File "C:\Users\ravin\AppData\Local\Programs\Python\Python311\Lib\site-packages\sqlalchemy\orm\session.py", line 1288, in _prepare_impl
    self.session.flush()
  File "C:\Users\ravin\AppData\Local\Programs\Python\Python311\Lib\site-packages\sqlalchemy\orm\session.py", line 4352, in flush
    self._flush(objects)
  File "C:\Users\ravin\AppData\Local\Programs\Python\Python311\Lib\site-packages\sqlalchemy\orm\session.py", line 4487, in _flush
    with util.safe_reraise():
  File "C:\Users\ravin\AppData\Local\Programs\Python\Python311\Lib\site-packages\sqlalchemy\util\langhelpers.py", line 146, in __exit__
    raise exc_value.with_traceback(exc_tb)
  File "C:\Users\ravin\AppData\Local\Programs\Python\Python311\Lib\site-packages\sqlalchemy\orm\session.py", line 4448, in _flush
    flush_context.execute()
  File "C:\Users\ravin\AppData\Local\Programs\Python\Python311\Lib\site-packages\sqlalchemy\orm\unitofwork.py", line 466, in execute
    rec.execute(self)
  File "C:\Users\ravin\AppData\Local\Programs\Python\Python311\Lib\site-packages\sqlalchemy\orm\unitofwork.py", line 642, in execute
    util.preloaded.orm_persistence.save_obj(
  File "C:\Users\ravin\AppData\Local\Programs\Python\Python311\Lib\site-packages\sqlalchemy\orm\persistence.py", line 93, in save_obj
    _emit_insert_statements(
  File "C:\Users\ravin\AppData\Local\Programs\Python\Python311\Lib\site-packages\sqlalchemy\orm\persistence.py", line 1233, in _emit_insert_statements
    result = connection.execute(
             ^^^^^^^^^^^^^^^^^^^
  File "C:\Users\ravin\AppData\Local\Programs\Python\Python311\Lib\site-packages\sqlalchemy\engine\base.py", line 1418, in execute
    return meth(
           ^^^^^
  File "C:\Users\ravin\AppData\Local\Programs\Python\Python311\Lib\site-packages\sqlalchemy\sql\elements.py", line 515, in _execute_on_connection
    return connection._execute_clauseelement(
           ^^^^^^^^^^^^^^^^^^^^^^^^^^^^^^^^^^
  File "C:\Users\ravin\AppData\Local\Programs\Python\Python311\Lib\site-packages\sqlalchemy\engine\base.py", line 1640, in _execute_clauseelement
    ret = self._execute_context(
          ^^^^^^^^^^^^^^^^^^^^^^
  File "C:\Users\ravin\AppData\Local\Programs\Python\Python311\Lib\site-packages\sqlalchemy\engine\base.py", line 1846, in _execute_context
    return self._exec_single_context(
           ^^^^^^^^^^^^^^^^^^^^^^^^^^
  File "C:\Users\ravin\AppData\Local\Programs\Python\Python311\Lib\site-packages\sqlalchemy\engine\base.py", line 1986, in _exec_single_context
    self._handle_dbapi_exception(
  File "C:\Users\ravin\AppData\Local\Programs\Python\Python311\Lib\site-packages\sqlalchemy\engine\base.py", line 2355, in _handle_dbapi_exception
    raise sqlalchemy_exception.with_traceback(exc_info[2]) from e
  File "C:\Users\ravin\AppData\Local\Programs\Python\Python311\Lib\site-packages\sqlalchemy\engine\base.py", line 1967, in _exec_single_context
    self.dialect.do_execute(
  File "C:\Users\ravin\AppData\Local\Programs\Python\Python311\Lib\site-packages\sqlalchemy\engine\default.py", line 941, in do_execute
    cursor.execute(statement, parameters)
  File "C:\Users\ravin\AppData\Local\Programs\Python\Python311\Lib\site-packages\sqlalchemy\dialects\postgresql\asyncpg.py", line 568, in execute
    self._adapt_connection.await_(
  File "C:\Users\ravin\AppData\Local\Programs\Python\Python311\Lib\site-packages\sqlalchemy\util\_concurrency_py3k.py", line 132, in await_only
    return current.parent.switch(awaitable)  # type: ignore[no-any-return,attr-defined] # noqa: E501
           ^^^^^^^^^^^^^^^^^^^^^^^^^^^^^^^^
  File "C:\Users\ravin\AppData\Local\Programs\Python\Python311\Lib\site-packages\sqlalchemy\util\_concurrency_py3k.py", line 196, in greenlet_spawn
    value = await result
            ^^^^^^^^^^^^
  File "C:\Users\ravin\AppData\Local\Programs\Python\Python311\Lib\site-packages\sqlalchemy\dialects\postgresql\asyncpg.py", line 546, in _prepare_and_execute
    self._handle_exception(error)
  File "C:\Users\ravin\AppData\Local\Programs\Python\Python311\Lib\site-packages\sqlalchemy\dialects\postgresql\asyncpg.py", line 497, in _handle_exception
    self._adapt_connection._handle_exception(error)
  File "C:\Users\ravin\AppData\Local\Programs\Python\Python311\Lib\site-packages\sqlalchemy\dialects\postgresql\asyncpg.py", line 780, in _handle_exception
    raise translated_error from error
sqlalchemy.exc.IntegrityError: (sqlalchemy.dialects.postgresql.asyncpg.IntegrityError) <class 'asyncpg.exceptions.ForeignKeyViolationError'>: insert or update on table "alerts" violates foreign key constraint "alerts_device_id_fkey"
DETAIL:  Key (device_id)=(00000000-0000-0000-0000-000000000001) is not present in table "devices".
[SQL: INSERT INTO alerts (id, user_id, device_id, alert_type, title, message, severity, is_read, is_dismissed, extra_data, created_at) VALUES ($1::UUID, $2::UUID, $3::UUID, $4::alerttype, $5::VARCHAR, $6::VARCHAR, $7::alertseverity, $8::BOOLEAN, $9::BOOLEAN, $10::JSONB, $11::TIMESTAMP WITHOUT TIME ZONE)]
[parameters: (UUID('1584baa8-eb44-47dc-b986-07a75823c4ec'), UUID('17983653-1d3d-4e8c-96ed-56c74dabb484'), UUID('00000000-0000-0000-0000-000000000001'), 'app_risk', 'Risky App Detected: Suspicious Tracker', 'Suspicious Tracker has a risk score of 100/100. Threat: data_harvesting, surveillance_risk, potential_spyware.', 'critical', False, False, '{"package_name": "com.suspicious.tracker", "risk_score": 100.0, "removal_reason": "Critically risky permissions detected. Strongly consider uninstalling this app."}', datetime.datetime(2026, 4, 29, 16, 23, 22, 874301))]
(Background on this error at: https://sqlalche.me/e/20/gkpj)

2026-04-29 21:53:27 | INFO     | secureshield                   | Error alert email sent → ravishori@gmail.com
2026-04-29 22:08:26 | INFO     | secureshield.app.main          | SecureShield AI API shutting down.
2026-04-29 22:08:29 | INFO     | secureshield.app.main          | ============================================================
2026-04-29 22:08:29 | INFO     | secureshield.app.main          | SecureShield AI API starting up...
2026-04-29 22:08:29 | INFO     | secureshield.app.main          | Logging → file: logs/secureshield.log  |  DB: error_logs table
2026-04-29 22:08:29 | INFO     | secureshield.app.main          | Rate limiting: 100 req/min per IP
2026-04-29 22:08:29 | INFO     | secureshield.app.main          | ============================================================
2026-04-29 22:08:29 | INFO     | secureshield.app.main          | Startup cleanup: no error_log records older than 90 days found.
2026-04-29 22:08:29 | INFO     | secureshield.app.main          | SecureShield AI API shutting down.
2026-04-29 22:08:30 | INFO     | secureshield.app.main          | ============================================================
2026-04-29 22:08:30 | INFO     | secureshield.app.main          | SecureShield AI API starting up...
2026-04-29 22:08:30 | INFO     | secureshield.app.main          | Logging → file: logs/secureshield.log  |  DB: error_logs table
2026-04-29 22:08:30 | INFO     | secureshield.app.main          | Rate limiting: 100 req/min per IP
2026-04-29 22:08:30 | INFO     | secureshield.app.main          | ============================================================
2026-04-29 22:08:31 | INFO     | secureshield.app.main          | Startup cleanup: no error_log records older than 90 days found.
2026-04-29 22:54:10 | INFO     | secureshield.app.main          | SecureShield AI API shutting down.
2026-05-03 14:36:08 | INFO     | secureshield.app.main          | ============================================================
2026-05-03 14:36:08 | INFO     | secureshield.app.main          | SecureShield AI API starting up...
2026-05-03 14:36:08 | INFO     | secureshield.app.main          | Logging → file: logs/secureshield.log  |  DB: error_logs table
2026-05-03 14:36:08 | INFO     | secureshield.app.main          | Rate limiting: 100 req/min per IP
2026-05-03 14:36:08 | INFO     | secureshield.app.main          | ============================================================
2026-05-03 14:36:08 | INFO     | secureshield.app.main          | Startup cleanup: no error_log records older than 90 days found.
2026-05-03 14:36:10 | INFO     | secureshield.app.services.otp_service | Twilio SMS sent to +91*******888 | SID: SM5089596dbdc30691cce3efbf3afc1b89
2026-05-03 14:36:10 | INFO     | secureshield.app.routers.auth  | OTP delivered via sms to +91*******888
2026-05-03 14:36:14 | INFO     | secureshield.app.services.otp_service | OTP email sent to s*****i@gmail.com
2026-05-03 14:36:14 | INFO     | secureshield.app.routers.auth  | OTP also delivered via email to secondary channel s*****i@gmail.com
2026-05-03 14:36:32 | INFO     | secureshield.app.routers.auth  | User authenticated: 17983653-1d3d-4e8c-96ed-56c74dabb484 via +91*******888
2026-05-03 14:36:32 | INFO     | secureshield.app.services.device_service | Device updated: user=17983653-1d3d-4e8c-96ed-56c74dabb484 token=0c015804db6a*** name='Redmi 22111317I'
2026-05-03 23:29:54 | INFO     | secureshield.app.main          | ============================================================
2026-05-03 23:29:54 | INFO     | secureshield.app.main          | SecureShield AI API starting up...
2026-05-03 23:29:54 | INFO     | secureshield.app.main          | Logging → file: logs/secureshield.log  |  DB: error_logs table
2026-05-03 23:29:54 | INFO     | secureshield.app.main          | Rate limiting: 100 req/min per IP
2026-05-03 23:29:54 | INFO     | secureshield.app.main          | ============================================================
2026-05-03 23:29:55 | INFO     | secureshield.app.main          | Startup cleanup: no error_log records older than 90 days found.
2026-05-03 23:51:44 | INFO     | secureshield.app.services.otp_service | OTP email sent to r*******i@gmail.com
2026-05-03 23:51:44 | INFO     | secureshield.app.routers.auth  | OTP delivered via email to r*******i@gmail.com
2026-05-03 23:51:46 | INFO     | secureshield.app.services.otp_service | Twilio SMS sent to +91*******916 | SID: SM096c451265b01f7267f5b9bb512ed2aa
2026-05-03 23:51:46 | INFO     | secureshield.app.routers.auth  | OTP also delivered via SMS to secondary channel +91*******916
2026-05-03 23:52:17 | INFO     | secureshield.app.routers.auth  | User authenticated: 8e28c4e3-a43d-4e22-961b-e8278ca6007c via r*******i@gmail.com
2026-05-03 23:52:17 | INFO     | secureshield.app.services.device_service | Device updated: user=8e28c4e3-a43d-4e22-961b-e8278ca6007c token=ea631fa8e8ac*** name='google sdk_gphone64_x86_64'
2026-05-04 00:56:25 | INFO     | secureshield.app.main          | SecureShield AI API shutting down.
2026-05-04 10:15:56 | INFO     | secureshield.app.main          | ============================================================
2026-05-04 10:15:56 | INFO     | secureshield.app.main          | SecureShield AI API starting up...
2026-05-04 10:15:56 | INFO     | secureshield.app.main          | Logging → file: logs/secureshield.log  |  DB: error_logs table
2026-05-04 10:15:56 | INFO     | secureshield.app.main          | Rate limiting: 100 req/min per IP
2026-05-04 10:15:56 | INFO     | secureshield.app.main          | ============================================================
2026-05-04 10:15:56 | INFO     | secureshield.app.main          | Startup cleanup: no error_log records older than 90 days found.
2026-05-04 10:16:15 | INFO     | secureshield.app.main          | SecureShield AI API shutting down.
2026-05-04 10:16:16 | INFO     | secureshield.app.main          | ============================================================
2026-05-04 10:16:16 | INFO     | secureshield.app.main          | SecureShield AI API starting up...
2026-05-04 10:16:16 | INFO     | secureshield.app.main          | Logging → file: logs/secureshield.log  |  DB: error_logs table
2026-05-04 10:16:16 | INFO     | secureshield.app.main          | Rate limiting: 100 req/min per IP
2026-05-04 10:16:16 | INFO     | secureshield.app.main          | ============================================================
2026-05-04 10:16:16 | INFO     | secureshield.app.main          | Startup cleanup: no error_log records older than 90 days found.
2026-05-04 14:06:14 | INFO     | secureshield.app.main          | SecureShield AI API shutting down.
2026-05-06 12:04:01 | INFO     | secureshield.app.main          | ============================================================
2026-05-06 12:04:01 | INFO     | secureshield.app.main          | SecureShield AI API starting up...
2026-05-06 12:04:01 | INFO     | secureshield.app.main          | Logging → file: logs/secureshield.log  |  DB: error_logs table
2026-05-06 12:04:01 | INFO     | secureshield.app.main          | Rate limiting: 100 req/min per IP
2026-05-06 12:04:01 | INFO     | secureshield.app.main          | ============================================================
2026-05-06 12:04:01 | INFO     | secureshield.app.main          | Startup cleanup: no error_log records older than 90 days found.
2026-05-06 12:20:39 | INFO     | secureshield.app.main          | ============================================================
2026-05-06 12:20:39 | INFO     | secureshield.app.main          | SecureShield AI API starting up...
2026-05-06 12:20:39 | INFO     | secureshield.app.main          | Logging → file: logs/secureshield.log  |  DB: error_logs table
2026-05-06 12:20:39 | INFO     | secureshield.app.main          | Rate limiting: 100 req/min per IP
2026-05-06 12:20:39 | INFO     | secureshield.app.main          | ============================================================
2026-05-06 12:20:39 | INFO     | secureshield.app.main          | Startup cleanup: no error_log records older than 90 days found.
2026-05-06 12:32:38 | INFO     | secureshield.app.main          | ============================================================
2026-05-06 12:32:38 | INFO     | secureshield.app.main          | SecureShield AI API starting up...
2026-05-06 12:32:38 | INFO     | secureshield.app.main          | Logging → file: logs/secureshield.log  |  DB: error_logs table
2026-05-06 12:32:38 | INFO     | secureshield.app.main          | Rate limiting: 100 req/min per IP
2026-05-06 12:32:38 | INFO     | secureshield.app.main          | ============================================================
2026-05-06 12:32:38 | INFO     | secureshield.app.main          | Startup cleanup: no error_log records older than 90 days found.
2026-05-06 12:33:49 | WARNING  | secureshield./api/v1/auth/register | Validation error: [{'type': 'missing', 'loc': ('body', 'first_name'), 'msg': 'Field required', 'input': {'full_name': 'Test User', 'email': 'connectivity_test_27114@example.com', 'phone': '+919999999999'}}]
2026-05-06 12:41:32 | INFO     | secureshield.app.services.otp_service | Twilio SMS sent to +91*******888 | SID: SMc88600b5ffaab52df2acc26afbab3ee3
2026-05-06 12:41:32 | INFO     | secureshield.app.routers.auth  | OTP delivered via sms to +91*******888
2026-05-06 12:41:36 | INFO     | secureshield.app.services.otp_service | OTP email sent to s*****i@gmail.com
2026-05-06 12:41:36 | INFO     | secureshield.app.routers.auth  | OTP also delivered via email to secondary channel s*****i@gmail.com
2026-05-06 12:42:21 | INFO     | secureshield.app.routers.auth  | User authenticated: 17983653-1d3d-4e8c-96ed-56c74dabb484 via +91*******888
2026-05-06 12:42:21 | INFO     | secureshield.app.services.device_service | Device updated: user=17983653-1d3d-4e8c-96ed-56c74dabb484 token=0c015804db6a*** name='Redmi 22111317I'
2026-05-06 12:43:14 | CRITICAL | secureshield./api/v1/app-monitor/summary | Unhandled exception in request cycle — (sqlalchemy.dialects.postgresql.asyncpg.ProgrammingError) <class 'asyncpg.exceptions.UndefinedTableError'>: relation "app_install_events" does not exist
[SQL: SELECT count(*) AS count_1 
FROM app_install_events 
WHERE app_install_events.user_id = $1::UUID]
[parameters: (UUID('17983653-1d3d-4e8c-96ed-56c74dabb484'),)]
(Background on this error at: https://sqlalche.me/e/20/f405)
2026-05-06 12:43:14 | DEBUG    | secureshield./api/v1/app-monitor/summary | Traceback:
Traceback (most recent call last):
  File "D:\ravishori\SecureShieldApp\backend\.venv\Lib\site-packages\sqlalchemy\dialects\postgresql\asyncpg.py", line 514, in _prepare_and_execute
    prepared_stmt, attributes = await adapt_connection._prepare(
                                ^^^^^^^^^^^^^^^^^^^^^^^^^^^^^^^^
  File "D:\ravishori\SecureShieldApp\backend\.venv\Lib\site-packages\sqlalchemy\dialects\postgresql\asyncpg.py", line 760, in _prepare
    prepared_stmt = await self._connection.prepare(
                    ^^^^^^^^^^^^^^^^^^^^^^^^^^^^^^^
  File "D:\ravishori\SecureShieldApp\backend\.venv\Lib\site-packages\asyncpg\connection.py", line 636, in prepare
    return await self._prepare(
           ^^^^^^^^^^^^^^^^^^^^
  File "D:\ravishori\SecureShieldApp\backend\.venv\Lib\site-packages\asyncpg\connection.py", line 654, in _prepare
    stmt = await self._get_statement(
           ^^^^^^^^^^^^^^^^^^^^^^^^^^
  File "D:\ravishori\SecureShieldApp\backend\.venv\Lib\site-packages\asyncpg\connection.py", line 433, in _get_statement
    statement = await self._protocol.prepare(
                ^^^^^^^^^^^^^^^^^^^^^^^^^^^^^
  File "asyncpg\protocol\protocol.pyx", line 166, in prepare
asyncpg.exceptions.UndefinedTableError: relation "app_install_events" does not exist

The above exception was the direct cause of the following exception:

Traceback (most recent call last):
  File "D:\ravishori\SecureShieldApp\backend\.venv\Lib\site-packages\sqlalchemy\engine\base.py", line 1967, in _exec_single_context
    self.dialect.do_execute(
  File "D:\ravishori\SecureShieldApp\backend\.venv\Lib\site-packages\sqlalchemy\engine\default.py", line 941, in do_execute
    cursor.execute(statement, parameters)
  File "D:\ravishori\SecureShieldApp\backend\.venv\Lib\site-packages\sqlalchemy\dialects\postgresql\asyncpg.py", line 572, in execute
    self._adapt_connection.await_(
  File "D:\ravishori\SecureShieldApp\backend\.venv\Lib\site-packages\sqlalchemy\util\_concurrency_py3k.py", line 132, in await_only
    return current.parent.switch(awaitable)  # type: ignore[no-any-return,attr-defined] # noqa: E501
           ^^^^^^^^^^^^^^^^^^^^^^^^^^^^^^^^
  File "D:\ravishori\SecureShieldApp\backend\.venv\Lib\site-packages\sqlalchemy\util\_concurrency_py3k.py", line 196, in greenlet_spawn
    value = await result
            ^^^^^^^^^^^^
  File "D:\ravishori\SecureShieldApp\backend\.venv\Lib\site-packages\sqlalchemy\dialects\postgresql\asyncpg.py", line 550, in _prepare_and_execute
    self._handle_exception(error)
  File "D:\ravishori\SecureShieldApp\backend\.venv\Lib\site-packages\sqlalchemy\dialects\postgresql\asyncpg.py", line 501, in _handle_exception
    self._adapt_connection._handle_exception(error)
  File "D:\ravishori\SecureShieldApp\backend\.venv\Lib\site-packages\sqlalchemy\dialects\postgresql\asyncpg.py", line 784, in _handle_exception
    raise translated_error from error
sqlalchemy.dialects.postgresql.asyncpg.AsyncAdapt_asyncpg_dbapi.ProgrammingError: <class 'asyncpg.exceptions.UndefinedTableError'>: relation "app_install_events" does not exist

The above exception was the direct cause of the following exception:

Traceback (most recent call last):
  File "D:\ravishori\SecureShieldApp\backend\app\middleware\error_handler.py", line 29, in dispatch
    response = await call_next(request)
               ^^^^^^^^^^^^^^^^^^^^^^^^
  File "D:\ravishori\SecureShieldApp\backend\.venv\Lib\site-packages\starlette\middleware\base.py", line 163, in call_next
    raise app_exc
  File "D:\ravishori\SecureShieldApp\backend\.venv\Lib\site-packages\starlette\middleware\base.py", line 149, in coro
    await self.app(scope, receive_or_disconnect, send_no_error)
  File "D:\ravishori\SecureShieldApp\backend\.venv\Lib\site-packages\starlette\middleware\exceptions.py", line 62, in __call__
    await wrap_app_handling_exceptions(self.app, conn)(scope, receive, send)
  File "D:\ravishori\SecureShieldApp\backend\.venv\Lib\site-packages\starlette\_exception_handler.py", line 62, in wrapped_app
    raise exc
  File "D:\ravishori\SecureShieldApp\backend\.venv\Lib\site-packages\starlette\_exception_handler.py", line 51, in wrapped_app
    await app(scope, receive, sender)
  File "D:\ravishori\SecureShieldApp\backend\.venv\Lib\site-packages\starlette\routing.py", line 715, in __call__
    await self.middleware_stack(scope, receive, send)
  File "D:\ravishori\SecureShieldApp\backend\.venv\Lib\site-packages\starlette\routing.py", line 735, in app
    await route.handle(scope, receive, send)
  File "D:\ravishori\SecureShieldApp\backend\.venv\Lib\site-packages\starlette\routing.py", line 288, in handle
    await self.app(scope, receive, send)
  File "D:\ravishori\SecureShieldApp\backend\.venv\Lib\site-packages\starlette\routing.py", line 76, in app
    await wrap_app_handling_exceptions(app, request)(scope, receive, send)
  File "D:\ravishori\SecureShieldApp\backend\.venv\Lib\site-packages\starlette\_exception_handler.py", line 62, in wrapped_app
    raise exc
  File "D:\ravishori\SecureShieldApp\backend\.venv\Lib\site-packages\starlette\_exception_handler.py", line 51, in wrapped_app
    await app(scope, receive, sender)
  File "D:\ravishori\SecureShieldApp\backend\.venv\Lib\site-packages\starlette\routing.py", line 73, in app
    response = await f(request)
               ^^^^^^^^^^^^^^^^
  File "D:\ravishori\SecureShieldApp\backend\.venv\Lib\site-packages\fastapi\routing.py", line 301, in app
    raw_response = await run_endpoint_function(
                   ^^^^^^^^^^^^^^^^^^^^^^^^^^^^
  File "D:\ravishori\SecureShieldApp\backend\.venv\Lib\site-packages\fastapi\routing.py", line 212, in run_endpoint_function
    return await dependant.call(**values)
           ^^^^^^^^^^^^^^^^^^^^^^^^^^^^^^
  File "D:\ravishori\SecureShieldApp\backend\app\routers\app_monitor.py", line 156, in get_summary
    total   = (await db.execute(base)).scalar_one()
               ^^^^^^^^^^^^^^^^^^^^^^
  File "D:\ravishori\SecureShieldApp\backend\.venv\Lib\site-packages\sqlalchemy\ext\asyncio\session.py", line 461, in execute
    result = await greenlet_spawn(
             ^^^^^^^^^^^^^^^^^^^^^
  File "D:\ravishori\SecureShieldApp\backend\.venv\Lib\site-packages\sqlalchemy\util\_concurrency_py3k.py", line 201, in greenlet_spawn
    result = context.throw(*sys.exc_info())
             ^^^^^^^^^^^^^^^^^^^^^^^^^^^^^^
  File "D:\ravishori\SecureShieldApp\backend\.venv\Lib\site-packages\sqlalchemy\orm\session.py", line 2362, in execute
    return self._execute_internal(
           ^^^^^^^^^^^^^^^^^^^^^^^
  File "D:\ravishori\SecureShieldApp\backend\.venv\Lib\site-packages\sqlalchemy\orm\session.py", line 2247, in _execute_internal
    result: Result[Any] = compile_state_cls.orm_execute_statement(
                          ^^^^^^^^^^^^^^^^^^^^^^^^^^^^^^^^^^^^^^^^
  File "D:\ravishori\SecureShieldApp\backend\.venv\Lib\site-packages\sqlalchemy\orm\context.py", line 305, in orm_execute_statement
    result = conn.execute(
             ^^^^^^^^^^^^^
  File "D:\ravishori\SecureShieldApp\backend\.venv\Lib\site-packages\sqlalchemy\engine\base.py", line 1418, in execute
    return meth(
           ^^^^^
  File "D:\ravishori\SecureShieldApp\backend\.venv\Lib\site-packages\sqlalchemy\sql\elements.py", line 515, in _execute_on_connection
    return connection._execute_clauseelement(
           ^^^^^^^^^^^^^^^^^^^^^^^^^^^^^^^^^^
  File "D:\ravishori\SecureShieldApp\backend\.venv\Lib\site-packages\sqlalchemy\engine\base.py", line 1640, in _execute_clauseelement
    ret = self._execute_context(
          ^^^^^^^^^^^^^^^^^^^^^^
  File "D:\ravishori\SecureShieldApp\backend\.venv\Lib\site-packages\sqlalchemy\engine\base.py", line 1846, in _execute_context
    return self._exec_single_context(
           ^^^^^^^^^^^^^^^^^^^^^^^^^^
  File "D:\ravishori\SecureShieldApp\backend\.venv\Lib\site-packages\sqlalchemy\engine\base.py", line 1986, in _exec_single_context
    self._handle_dbapi_exception(
  File "D:\ravishori\SecureShieldApp\backend\.venv\Lib\site-packages\sqlalchemy\engine\base.py", line 2355, in _handle_dbapi_exception
    raise sqlalchemy_exception.with_traceback(exc_info[2]) from e
  File "D:\ravishori\SecureShieldApp\backend\.venv\Lib\site-packages\sqlalchemy\engine\base.py", line 1967, in _exec_single_context
    self.dialect.do_execute(
  File "D:\ravishori\SecureShieldApp\backend\.venv\Lib\site-packages\sqlalchemy\engine\default.py", line 941, in do_execute
    cursor.execute(statement, parameters)
  File "D:\ravishori\SecureShieldApp\backend\.venv\Lib\site-packages\sqlalchemy\dialects\postgresql\asyncpg.py", line 572, in execute
    self._adapt_connection.await_(
  File "D:\ravishori\SecureShieldApp\backend\.venv\Lib\site-packages\sqlalchemy\util\_concurrency_py3k.py", line 132, in await_only
    return current.parent.switch(awaitable)  # type: ignore[no-any-return,attr-defined] # noqa: E501
           ^^^^^^^^^^^^^^^^^^^^^^^^^^^^^^^^
  File "D:\ravishori\SecureShieldApp\backend\.venv\Lib\site-packages\sqlalchemy\util\_concurrency_py3k.py", line 196, in greenlet_spawn
    value = await result
            ^^^^^^^^^^^^
  File "D:\ravishori\SecureShieldApp\backend\.venv\Lib\site-packages\sqlalchemy\dialects\postgresql\asyncpg.py", line 550, in _prepare_and_execute
    self._handle_exception(error)
  File "D:\ravishori\SecureShieldApp\backend\.venv\Lib\site-packages\sqlalchemy\dialects\postgresql\asyncpg.py", line 501, in _handle_exception
    self._adapt_connection._handle_exception(error)
  File "D:\ravishori\SecureShieldApp\backend\.venv\Lib\site-packages\sqlalchemy\dialects\postgresql\asyncpg.py", line 784, in _handle_exception
    raise translated_error from error
sqlalchemy.exc.ProgrammingError: (sqlalchemy.dialects.postgresql.asyncpg.ProgrammingError) <class 'asyncpg.exceptions.UndefinedTableError'>: relation "app_install_events" does not exist
[SQL: SELECT count(*) AS count_1 
FROM app_install_events 
WHERE app_install_events.user_id = $1::UUID]
[parameters: (UUID('17983653-1d3d-4e8c-96ed-56c74dabb484'),)]
(Background on this error at: https://sqlalche.me/e/20/f405)

2026-05-06 12:43:18 | INFO     | secureshield                   | Error alert email sent → ravishori@gmail.com
2026-05-06 12:43:26 | CRITICAL | secureshield./api/v1/clone-detection/history | Unhandled exception in request cycle — (sqlalchemy.dialects.postgresql.asyncpg.ProgrammingError) <class 'asyncpg.exceptions.UndefinedTableError'>: relation "clone_reports" does not exist
[SQL: SELECT count(*) AS count_1 
FROM (SELECT clone_reports.id AS id, clone_reports.user_id AS user_id, clone_reports.package_name AS package_name, clone_reports.app_name AS app_name, clone_reports.target_package AS target_package, clone_reports.target_name AS target_name, clone_reports.name_similarity AS name_similarity, clone_reports.package_similarity AS package_similarity, clone_reports.icon_hash_match AS icon_hash_match, clone_reports.cert_hash_match AS cert_hash_match, clone_reports.overall_score AS overall_score, clone_reports.verdict AS verdict, clone_reports.signals AS signals, clone_reports.action_taken AS action_taken, clone_reports.user_confirmed AS user_confirmed, clone_reports.created_at AS created_at 
FROM clone_reports 
WHERE clone_reports.user_id = $1::UUID ORDER BY clone_reports.created_at DESC) AS anon_1]
[parameters: (UUID('17983653-1d3d-4e8c-96ed-56c74dabb484'),)]
(Background on this error at: https://sqlalche.me/e/20/f405)
2026-05-06 12:43:26 | DEBUG    | secureshield./api/v1/clone-detection/history | Traceback:
Traceback (most recent call last):
  File "D:\ravishori\SecureShieldApp\backend\.venv\Lib\site-packages\sqlalchemy\dialects\postgresql\asyncpg.py", line 514, in _prepare_and_execute
    prepared_stmt, attributes = await adapt_connection._prepare(
                                ^^^^^^^^^^^^^^^^^^^^^^^^^^^^^^^^
  File "D:\ravishori\SecureShieldApp\backend\.venv\Lib\site-packages\sqlalchemy\dialects\postgresql\asyncpg.py", line 760, in _prepare
    prepared_stmt = await self._connection.prepare(
                    ^^^^^^^^^^^^^^^^^^^^^^^^^^^^^^^
  File "D:\ravishori\SecureShieldApp\backend\.venv\Lib\site-packages\asyncpg\connection.py", line 636, in prepare
    return await self._prepare(
           ^^^^^^^^^^^^^^^^^^^^
  File "D:\ravishori\SecureShieldApp\backend\.venv\Lib\site-packages\asyncpg\connection.py", line 654, in _prepare
    stmt = await self._get_statement(
           ^^^^^^^^^^^^^^^^^^^^^^^^^^
  File "D:\ravishori\SecureShieldApp\backend\.venv\Lib\site-packages\asyncpg\connection.py", line 433, in _get_statement
    statement = await self._protocol.prepare(
                ^^^^^^^^^^^^^^^^^^^^^^^^^^^^^
  File "asyncpg\protocol\protocol.pyx", line 166, in prepare
asyncpg.exceptions.UndefinedTableError: relation "clone_reports" does not exist

The above exception was the direct cause of the following exception:

Traceback (most recent call last):
  File "D:\ravishori\SecureShieldApp\backend\.venv\Lib\site-packages\sqlalchemy\engine\base.py", line 1967, in _exec_single_context
    self.dialect.do_execute(
  File "D:\ravishori\SecureShieldApp\backend\.venv\Lib\site-packages\sqlalchemy\engine\default.py", line 941, in do_execute
    cursor.execute(statement, parameters)
  File "D:\ravishori\SecureShieldApp\backend\.venv\Lib\site-packages\sqlalchemy\dialects\postgresql\asyncpg.py", line 572, in execute
    self._adapt_connection.await_(
  File "D:\ravishori\SecureShieldApp\backend\.venv\Lib\site-packages\sqlalchemy\util\_concurrency_py3k.py", line 132, in await_only
    return current.parent.switch(awaitable)  # type: ignore[no-any-return,attr-defined] # noqa: E501
           ^^^^^^^^^^^^^^^^^^^^^^^^^^^^^^^^
  File "D:\ravishori\SecureShieldApp\backend\.venv\Lib\site-packages\sqlalchemy\util\_concurrency_py3k.py", line 196, in greenlet_spawn
    value = await result
            ^^^^^^^^^^^^
  File "D:\ravishori\SecureShieldApp\backend\.venv\Lib\site-packages\sqlalchemy\dialects\postgresql\asyncpg.py", line 550, in _prepare_and_execute
    self._handle_exception(error)
  File "D:\ravishori\SecureShieldApp\backend\.venv\Lib\site-packages\sqlalchemy\dialects\postgresql\asyncpg.py", line 501, in _handle_exception
    self._adapt_connection._handle_exception(error)
  File "D:\ravishori\SecureShieldApp\backend\.venv\Lib\site-packages\sqlalchemy\dialects\postgresql\asyncpg.py", line 784, in _handle_exception
    raise translated_error from error
sqlalchemy.dialects.postgresql.asyncpg.AsyncAdapt_asyncpg_dbapi.ProgrammingError: <class 'asyncpg.exceptions.UndefinedTableError'>: relation "clone_reports" does not exist

The above exception was the direct cause of the following exception:

Traceback (most recent call last):
  File "D:\ravishori\SecureShieldApp\backend\app\middleware\error_handler.py", line 29, in dispatch
    response = await call_next(request)
               ^^^^^^^^^^^^^^^^^^^^^^^^
  File "D:\ravishori\SecureShieldApp\backend\.venv\Lib\site-packages\starlette\middleware\base.py", line 163, in call_next
    raise app_exc
  File "D:\ravishori\SecureShieldApp\backend\.venv\Lib\site-packages\starlette\middleware\base.py", line 149, in coro
    await self.app(scope, receive_or_disconnect, send_no_error)
  File "D:\ravishori\SecureShieldApp\backend\.venv\Lib\site-packages\starlette\middleware\exceptions.py", line 62, in __call__
    await wrap_app_handling_exceptions(self.app, conn)(scope, receive, send)
  File "D:\ravishori\SecureShieldApp\backend\.venv\Lib\site-packages\starlette\_exception_handler.py", line 62, in wrapped_app
    raise exc
  File "D:\ravishori\SecureShieldApp\backend\.venv\Lib\site-packages\starlette\_exception_handler.py", line 51, in wrapped_app
    await app(scope, receive, sender)
  File "D:\ravishori\SecureShieldApp\backend\.venv\Lib\site-packages\starlette\routing.py", line 715, in __call__
    await self.middleware_stack(scope, receive, send)
  File "D:\ravishori\SecureShieldApp\backend\.venv\Lib\site-packages\starlette\routing.py", line 735, in app
    await route.handle(scope, receive, send)
  File "D:\ravishori\SecureShieldApp\backend\.venv\Lib\site-packages\starlette\routing.py", line 288, in handle
    await self.app(scope, receive, send)
  File "D:\ravishori\SecureShieldApp\backend\.venv\Lib\site-packages\starlette\routing.py", line 76, in app
    await wrap_app_handling_exceptions(app, request)(scope, receive, send)
  File "D:\ravishori\SecureShieldApp\backend\.venv\Lib\site-packages\starlette\_exception_handler.py", line 62, in wrapped_app
    raise exc
  File "D:\ravishori\SecureShieldApp\backend\.venv\Lib\site-packages\starlette\_exception_handler.py", line 51, in wrapped_app
    await app(scope, receive, sender)
  File "D:\ravishori\SecureShieldApp\backend\.venv\Lib\site-packages\starlette\routing.py", line 73, in app
    response = await f(request)
               ^^^^^^^^^^^^^^^^
  File "D:\ravishori\SecureShieldApp\backend\.venv\Lib\site-packages\fastapi\routing.py", line 301, in app
    raw_response = await run_endpoint_function(
                   ^^^^^^^^^^^^^^^^^^^^^^^^^^^^
  File "D:\ravishori\SecureShieldApp\backend\.venv\Lib\site-packages\fastapi\routing.py", line 212, in run_endpoint_function
    return await dependant.call(**values)
           ^^^^^^^^^^^^^^^^^^^^^^^^^^^^^^
  File "D:\ravishori\SecureShieldApp\backend\app\routers\clone_detection.py", line 90, in get_history
    total = (await db.execute(select(func.count()).select_from(q.subquery()))).scalar_one()
             ^^^^^^^^^^^^^^^^^^^^^^^^^^^^^^^^^^^^^^^^^^^^^^^^^^^^^^^^^^^^^^^^
  File "D:\ravishori\SecureShieldApp\backend\.venv\Lib\site-packages\sqlalchemy\ext\asyncio\session.py", line 461, in execute
    result = await greenlet_spawn(
             ^^^^^^^^^^^^^^^^^^^^^
  File "D:\ravishori\SecureShieldApp\backend\.venv\Lib\site-packages\sqlalchemy\util\_concurrency_py3k.py", line 201, in greenlet_spawn
    result = context.throw(*sys.exc_info())
             ^^^^^^^^^^^^^^^^^^^^^^^^^^^^^^
  File "D:\ravishori\SecureShieldApp\backend\.venv\Lib\site-packages\sqlalchemy\orm\session.py", line 2362, in execute
    return self._execute_internal(
           ^^^^^^^^^^^^^^^^^^^^^^^
  File "D:\ravishori\SecureShieldApp\backend\.venv\Lib\site-packages\sqlalchemy\orm\session.py", line 2247, in _execute_internal
    result: Result[Any] = compile_state_cls.orm_execute_statement(
                          ^^^^^^^^^^^^^^^^^^^^^^^^^^^^^^^^^^^^^^^^
  File "D:\ravishori\SecureShieldApp\backend\.venv\Lib\site-packages\sqlalchemy\orm\context.py", line 305, in orm_execute_statement
    result = conn.execute(
             ^^^^^^^^^^^^^
  File "D:\ravishori\SecureShieldApp\backend\.venv\Lib\site-packages\sqlalchemy\engine\base.py", line 1418, in execute
    return meth(
           ^^^^^
  File "D:\ravishori\SecureShieldApp\backend\.venv\Lib\site-packages\sqlalchemy\sql\elements.py", line 515, in _execute_on_connection
    return connection._execute_clauseelement(
           ^^^^^^^^^^^^^^^^^^^^^^^^^^^^^^^^^^
  File "D:\ravishori\SecureShieldApp\backend\.venv\Lib\site-packages\sqlalchemy\engine\base.py", line 1640, in _execute_clauseelement
    ret = self._execute_context(
          ^^^^^^^^^^^^^^^^^^^^^^
  File "D:\ravishori\SecureShieldApp\backend\.venv\Lib\site-packages\sqlalchemy\engine\base.py", line 1846, in _execute_context
    return self._exec_single_context(
           ^^^^^^^^^^^^^^^^^^^^^^^^^^
  File "D:\ravishori\SecureShieldApp\backend\.venv\Lib\site-packages\sqlalchemy\engine\base.py", line 1986, in _exec_single_context
    self._handle_dbapi_exception(
  File "D:\ravishori\SecureShieldApp\backend\.venv\Lib\site-packages\sqlalchemy\engine\base.py", line 2355, in _handle_dbapi_exception
    raise sqlalchemy_exception.with_traceback(exc_info[2]) from e
  File "D:\ravishori\SecureShieldApp\backend\.venv\Lib\site-packages\sqlalchemy\engine\base.py", line 1967, in _exec_single_context
    self.dialect.do_execute(
  File "D:\ravishori\SecureShieldApp\backend\.venv\Lib\site-packages\sqlalchemy\engine\default.py", line 941, in do_execute
    cursor.execute(statement, parameters)
  File "D:\ravishori\SecureShieldApp\backend\.venv\Lib\site-packages\sqlalchemy\dialects\postgresql\asyncpg.py", line 572, in execute
    self._adapt_connection.await_(
  File "D:\ravishori\SecureShieldApp\backend\.venv\Lib\site-packages\sqlalchemy\util\_concurrency_py3k.py", line 132, in await_only
    return current.parent.switch(awaitable)  # type: ignore[no-any-return,attr-defined] # noqa: E501
           ^^^^^^^^^^^^^^^^^^^^^^^^^^^^^^^^
  File "D:\ravishori\SecureShieldApp\backend\.venv\Lib\site-packages\sqlalchemy\util\_concurrency_py3k.py", line 196, in greenlet_spawn
    value = await result
            ^^^^^^^^^^^^
  File "D:\ravishori\SecureShieldApp\backend\.venv\Lib\site-packages\sqlalchemy\dialects\postgresql\asyncpg.py", line 550, in _prepare_and_execute
    self._handle_exception(error)
  File "D:\ravishori\SecureShieldApp\backend\.venv\Lib\site-packages\sqlalchemy\dialects\postgresql\asyncpg.py", line 501, in _handle_exception
    self._adapt_connection._handle_exception(error)
  File "D:\ravishori\SecureShieldApp\backend\.venv\Lib\site-packages\sqlalchemy\dialects\postgresql\asyncpg.py", line 784, in _handle_exception
    raise translated_error from error
sqlalchemy.exc.ProgrammingError: (sqlalchemy.dialects.postgresql.asyncpg.ProgrammingError) <class 'asyncpg.exceptions.UndefinedTableError'>: relation "clone_reports" does not exist
[SQL: SELECT count(*) AS count_1 
FROM (SELECT clone_reports.id AS id, clone_reports.user_id AS user_id, clone_reports.package_name AS package_name, clone_reports.app_name AS app_name, clone_reports.target_package AS target_package, clone_reports.target_name AS target_name, clone_reports.name_similarity AS name_similarity, clone_reports.package_similarity AS package_similarity, clone_reports.icon_hash_match AS icon_hash_match, clone_reports.cert_hash_match AS cert_hash_match, clone_reports.overall_score AS overall_score, clone_reports.verdict AS verdict, clone_reports.signals AS signals, clone_reports.action_taken AS action_taken, clone_reports.user_confirmed AS user_confirmed, clone_reports.created_at AS created_at 
FROM clone_reports 
WHERE clone_reports.user_id = $1::UUID ORDER BY clone_reports.created_at DESC) AS anon_1]
[parameters: (UUID('17983653-1d3d-4e8c-96ed-56c74dabb484'),)]
(Background on this error at: https://sqlalche.me/e/20/f405)

2026-05-06 12:43:29 | INFO     | secureshield                   | Error alert email sent → ravishori@gmail.com
2026-05-06 12:54:14 | INFO     | secureshield.app.main          | SecureShield AI API shutting down.
2026-05-09 09:08:12 | INFO     | secureshield.app.main          | ============================================================
2026-05-09 09:08:12 | INFO     | secureshield.app.main          | SecureShield AI API starting up...
2026-05-09 09:08:12 | INFO     | secureshield.app.main          | Logging → file: logs/secureshield.log  |  DB: error_logs table
2026-05-09 09:08:12 | INFO     | secureshield.app.main          | Rate limiting: 100 req/min per IP
2026-05-09 09:08:12 | INFO     | secureshield.app.main          | ============================================================
2026-05-09 09:08:12 | INFO     | secureshield.app.main          | Startup cleanup: no error_log records older than 90 days found.
2026-05-09 09:21:13 | INFO     | secureshield.app.services.otp_service | Twilio SMS sent to +91*******916 | SID: SM0ef42ab8316e2797393d513c1802f338
2026-05-09 09:21:13 | INFO     | secureshield.app.routers.auth  | OTP delivered via sms to +91*******916
2026-05-09 09:21:17 | INFO     | secureshield.app.services.otp_service | OTP email sent to r*******i@gmail.com
2026-05-09 09:21:17 | INFO     | secureshield.app.routers.auth  | OTP also delivered via email to secondary channel r*******i@gmail.com
2026-05-09 09:21:31 | INFO     | secureshield.app.routers.auth  | User authenticated: 8e28c4e3-a43d-4e22-961b-e8278ca6007c via +91*******916
2026-05-09 09:21:31 | INFO     | secureshield.app.services.device_service | Device updated: user=8e28c4e3-a43d-4e22-961b-e8278ca6007c token=ea631fa8e8ac*** name='google sdk_gphone64_x86_64'
2026-05-09 09:23:17 | CRITICAL | secureshield./api/v1/clone-detection/history | Unhandled exception in request cycle — (sqlalchemy.dialects.postgresql.asyncpg.ProgrammingError) <class 'asyncpg.exceptions.UndefinedTableError'>: relation "clone_reports" does not exist
[SQL: SELECT count(*) AS count_1 
FROM (SELECT clone_reports.id AS id, clone_reports.user_id AS user_id, clone_reports.package_name AS package_name, clone_reports.app_name AS app_name, clone_reports.target_package AS target_package, clone_reports.target_name AS target_name, clone_reports.name_similarity AS name_similarity, clone_reports.package_similarity AS package_similarity, clone_reports.icon_hash_match AS icon_hash_match, clone_reports.cert_hash_match AS cert_hash_match, clone_reports.overall_score AS overall_score, clone_reports.verdict AS verdict, clone_reports.signals AS signals, clone_reports.action_taken AS action_taken, clone_reports.user_confirmed AS user_confirmed, clone_reports.created_at AS created_at 
FROM clone_reports 
WHERE clone_reports.user_id = $1::UUID ORDER BY clone_reports.created_at DESC) AS anon_1]
[parameters: (UUID('8e28c4e3-a43d-4e22-961b-e8278ca6007c'),)]
(Background on this error at: https://sqlalche.me/e/20/f405)
2026-05-09 09:23:17 | DEBUG    | secureshield./api/v1/clone-detection/history | Traceback:
Traceback (most recent call last):
  File "C:\Users\ravin\AppData\Local\Programs\Python\Python311\Lib\site-packages\sqlalchemy\dialects\postgresql\asyncpg.py", line 510, in _prepare_and_execute
    prepared_stmt, attributes = await adapt_connection._prepare(
                                ^^^^^^^^^^^^^^^^^^^^^^^^^^^^^^^^
  File "C:\Users\ravin\AppData\Local\Programs\Python\Python311\Lib\site-packages\sqlalchemy\dialects\postgresql\asyncpg.py", line 756, in _prepare
    prepared_stmt = await self._connection.prepare(
                    ^^^^^^^^^^^^^^^^^^^^^^^^^^^^^^^
  File "C:\Users\ravin\AppData\Local\Programs\Python\Python311\Lib\site-packages\asyncpg\connection.py", line 636, in prepare
    return await self._prepare(
           ^^^^^^^^^^^^^^^^^^^^
  File "C:\Users\ravin\AppData\Local\Programs\Python\Python311\Lib\site-packages\asyncpg\connection.py", line 654, in _prepare
    stmt = await self._get_statement(
           ^^^^^^^^^^^^^^^^^^^^^^^^^^
  File "C:\Users\ravin\AppData\Local\Programs\Python\Python311\Lib\site-packages\asyncpg\connection.py", line 433, in _get_statement
    statement = await self._protocol.prepare(
                ^^^^^^^^^^^^^^^^^^^^^^^^^^^^^
  File "asyncpg\protocol\protocol.pyx", line 166, in prepare
asyncpg.exceptions.UndefinedTableError: relation "clone_reports" does not exist

The above exception was the direct cause of the following exception:

Traceback (most recent call last):
  File "C:\Users\ravin\AppData\Local\Programs\Python\Python311\Lib\site-packages\sqlalchemy\engine\base.py", line 1967, in _exec_single_context
    self.dialect.do_execute(
  File "C:\Users\ravin\AppData\Local\Programs\Python\Python311\Lib\site-packages\sqlalchemy\engine\default.py", line 941, in do_execute
    cursor.execute(statement, parameters)
  File "C:\Users\ravin\AppData\Local\Programs\Python\Python311\Lib\site-packages\sqlalchemy\dialects\postgresql\asyncpg.py", line 568, in execute
    self._adapt_connection.await_(
  File "C:\Users\ravin\AppData\Local\Programs\Python\Python311\Lib\site-packages\sqlalchemy\util\_concurrency_py3k.py", line 132, in await_only
    return current.parent.switch(awaitable)  # type: ignore[no-any-return,attr-defined] # noqa: E501
           ^^^^^^^^^^^^^^^^^^^^^^^^^^^^^^^^
  File "C:\Users\ravin\AppData\Local\Programs\Python\Python311\Lib\site-packages\sqlalchemy\util\_concurrency_py3k.py", line 196, in greenlet_spawn
    value = await result
            ^^^^^^^^^^^^
  File "C:\Users\ravin\AppData\Local\Programs\Python\Python311\Lib\site-packages\sqlalchemy\dialects\postgresql\asyncpg.py", line 546, in _prepare_and_execute
    self._handle_exception(error)
  File "C:\Users\ravin\AppData\Local\Programs\Python\Python311\Lib\site-packages\sqlalchemy\dialects\postgresql\asyncpg.py", line 497, in _handle_exception
    self._adapt_connection._handle_exception(error)
  File "C:\Users\ravin\AppData\Local\Programs\Python\Python311\Lib\site-packages\sqlalchemy\dialects\postgresql\asyncpg.py", line 780, in _handle_exception
    raise translated_error from error
sqlalchemy.dialects.postgresql.asyncpg.AsyncAdapt_asyncpg_dbapi.ProgrammingError: <class 'asyncpg.exceptions.UndefinedTableError'>: relation "clone_reports" does not exist

The above exception was the direct cause of the following exception:

Traceback (most recent call last):
  File "D:\ravishori\SecureShieldApp\backend\app\middleware\error_handler.py", line 29, in dispatch
    response = await call_next(request)
               ^^^^^^^^^^^^^^^^^^^^^^^^
  File "C:\Users\ravin\AppData\Local\Programs\Python\Python311\Lib\site-packages\starlette\middleware\base.py", line 165, in call_next
    raise app_exc
  File "C:\Users\ravin\AppData\Local\Programs\Python\Python311\Lib\site-packages\starlette\middleware\base.py", line 151, in coro
    await self.app(scope, receive_or_disconnect, send_no_error)
  File "C:\Users\ravin\AppData\Local\Programs\Python\Python311\Lib\site-packages\starlette\middleware\exceptions.py", line 65, in __call__
    await wrap_app_handling_exceptions(self.app, conn)(scope, receive, send)
  File "C:\Users\ravin\AppData\Local\Programs\Python\Python311\Lib\site-packages\starlette\_exception_handler.py", line 64, in wrapped_app
    raise exc
  File "C:\Users\ravin\AppData\Local\Programs\Python\Python311\Lib\site-packages\starlette\_exception_handler.py", line 53, in wrapped_app
    await app(scope, receive, sender)
  File "C:\Users\ravin\AppData\Local\Programs\Python\Python311\Lib\site-packages\starlette\routing.py", line 756, in __call__
    await self.middleware_stack(scope, receive, send)
  File "C:\Users\ravin\AppData\Local\Programs\Python\Python311\Lib\site-packages\starlette\routing.py", line 776, in app
    await route.handle(scope, receive, send)
  File "C:\Users\ravin\AppData\Local\Programs\Python\Python311\Lib\site-packages\starlette\routing.py", line 297, in handle
    await self.app(scope, receive, send)
  File "C:\Users\ravin\AppData\Local\Programs\Python\Python311\Lib\site-packages\starlette\routing.py", line 77, in app
    await wrap_app_handling_exceptions(app, request)(scope, receive, send)
  File "C:\Users\ravin\AppData\Local\Programs\Python\Python311\Lib\site-packages\starlette\_exception_handler.py", line 64, in wrapped_app
    raise exc
  File "C:\Users\ravin\AppData\Local\Programs\Python\Python311\Lib\site-packages\starlette\_exception_handler.py", line 53, in wrapped_app
    await app(scope, receive, sender)
  File "C:\Users\ravin\AppData\Local\Programs\Python\Python311\Lib\site-packages\starlette\routing.py", line 72, in app
    response = await func(request)
               ^^^^^^^^^^^^^^^^^^^
  File "C:\Users\ravin\AppData\Local\Programs\Python\Python311\Lib\site-packages\fastapi\routing.py", line 301, in app
    raw_response = await run_endpoint_function(
                   ^^^^^^^^^^^^^^^^^^^^^^^^^^^^
  File "C:\Users\ravin\AppData\Local\Programs\Python\Python311\Lib\site-packages\fastapi\routing.py", line 212, in run_endpoint_function
    return await dependant.call(**values)
           ^^^^^^^^^^^^^^^^^^^^^^^^^^^^^^
  File "D:\ravishori\SecureShieldApp\backend\app\routers\clone_detection.py", line 90, in get_history
    total = (await db.execute(select(func.count()).select_from(q.subquery()))).scalar_one()
             ^^^^^^^^^^^^^^^^^^^^^^^^^^^^^^^^^^^^^^^^^^^^^^^^^^^^^^^^^^^^^^^^
  File "C:\Users\ravin\AppData\Local\Programs\Python\Python311\Lib\site-packages\sqlalchemy\ext\asyncio\session.py", line 461, in execute
    result = await greenlet_spawn(
             ^^^^^^^^^^^^^^^^^^^^^
  File "C:\Users\ravin\AppData\Local\Programs\Python\Python311\Lib\site-packages\sqlalchemy\util\_concurrency_py3k.py", line 201, in greenlet_spawn
    result = context.throw(*sys.exc_info())
             ^^^^^^^^^^^^^^^^^^^^^^^^^^^^^^
  File "C:\Users\ravin\AppData\Local\Programs\Python\Python311\Lib\site-packages\sqlalchemy\orm\session.py", line 2362, in execute
    return self._execute_internal(
           ^^^^^^^^^^^^^^^^^^^^^^^
  File "C:\Users\ravin\AppData\Local\Programs\Python\Python311\Lib\site-packages\sqlalchemy\orm\session.py", line 2247, in _execute_internal
    result: Result[Any] = compile_state_cls.orm_execute_statement(
                          ^^^^^^^^^^^^^^^^^^^^^^^^^^^^^^^^^^^^^^^^
  File "C:\Users\ravin\AppData\Local\Programs\Python\Python311\Lib\site-packages\sqlalchemy\orm\context.py", line 305, in orm_execute_statement
    result = conn.execute(
             ^^^^^^^^^^^^^
  File "C:\Users\ravin\AppData\Local\Programs\Python\Python311\Lib\site-packages\sqlalchemy\engine\base.py", line 1418, in execute
    return meth(
           ^^^^^
  File "C:\Users\ravin\AppData\Local\Programs\Python\Python311\Lib\site-packages\sqlalchemy\sql\elements.py", line 515, in _execute_on_connection
    return connection._execute_clauseelement(
           ^^^^^^^^^^^^^^^^^^^^^^^^^^^^^^^^^^
  File "C:\Users\ravin\AppData\Local\Programs\Python\Python311\Lib\site-packages\sqlalchemy\engine\base.py", line 1640, in _execute_clauseelement
    ret = self._execute_context(
          ^^^^^^^^^^^^^^^^^^^^^^
  File "C:\Users\ravin\AppData\Local\Programs\Python\Python311\Lib\site-packages\sqlalchemy\engine\base.py", line 1846, in _execute_context
    return self._exec_single_context(
           ^^^^^^^^^^^^^^^^^^^^^^^^^^
  File "C:\Users\ravin\AppData\Local\Programs\Python\Python311\Lib\site-packages\sqlalchemy\engine\base.py", line 1986, in _exec_single_context
    self._handle_dbapi_exception(
  File "C:\Users\ravin\AppData\Local\Programs\Python\Python311\Lib\site-packages\sqlalchemy\engine\base.py", line 2355, in _handle_dbapi_exception
    raise sqlalchemy_exception.with_traceback(exc_info[2]) from e
  File "C:\Users\ravin\AppData\Local\Programs\Python\Python311\Lib\site-packages\sqlalchemy\engine\base.py", line 1967, in _exec_single_context
    self.dialect.do_execute(
  File "C:\Users\ravin\AppData\Local\Programs\Python\Python311\Lib\site-packages\sqlalchemy\engine\default.py", line 941, in do_execute
    cursor.execute(statement, parameters)
  File "C:\Users\ravin\AppData\Local\Programs\Python\Python311\Lib\site-packages\sqlalchemy\dialects\postgresql\asyncpg.py", line 568, in execute
    self._adapt_connection.await_(
  File "C:\Users\ravin\AppData\Local\Programs\Python\Python311\Lib\site-packages\sqlalchemy\util\_concurrency_py3k.py", line 132, in await_only
    return current.parent.switch(awaitable)  # type: ignore[no-any-return,attr-defined] # noqa: E501
           ^^^^^^^^^^^^^^^^^^^^^^^^^^^^^^^^
  File "C:\Users\ravin\AppData\Local\Programs\Python\Python311\Lib\site-packages\sqlalchemy\util\_concurrency_py3k.py", line 196, in greenlet_spawn
    value = await result
            ^^^^^^^^^^^^
  File "C:\Users\ravin\AppData\Local\Programs\Python\Python311\Lib\site-packages\sqlalchemy\dialects\postgresql\asyncpg.py", line 546, in _prepare_and_execute
    self._handle_exception(error)
  File "C:\Users\ravin\AppData\Local\Programs\Python\Python311\Lib\site-packages\sqlalchemy\dialects\postgresql\asyncpg.py", line 497, in _handle_exception
    self._adapt_connection._handle_exception(error)
  File "C:\Users\ravin\AppData\Local\Programs\Python\Python311\Lib\site-packages\sqlalchemy\dialects\postgresql\asyncpg.py", line 780, in _handle_exception
    raise translated_error from error
sqlalchemy.exc.ProgrammingError: (sqlalchemy.dialects.postgresql.asyncpg.ProgrammingError) <class 'asyncpg.exceptions.UndefinedTableError'>: relation "clone_reports" does not exist
[SQL: SELECT count(*) AS count_1 
FROM (SELECT clone_reports.id AS id, clone_reports.user_id AS user_id, clone_reports.package_name AS package_name, clone_reports.app_name AS app_name, clone_reports.target_package AS target_package, clone_reports.target_name AS target_name, clone_reports.name_similarity AS name_similarity, clone_reports.package_similarity AS package_similarity, clone_reports.icon_hash_match AS icon_hash_match, clone_reports.cert_hash_match AS cert_hash_match, clone_reports.overall_score AS overall_score, clone_reports.verdict AS verdict, clone_reports.signals AS signals, clone_reports.action_taken AS action_taken, clone_reports.user_confirmed AS user_confirmed, clone_reports.created_at AS created_at 
FROM clone_reports 
WHERE clone_reports.user_id = $1::UUID ORDER BY clone_reports.created_at DESC) AS anon_1]
[parameters: (UUID('8e28c4e3-a43d-4e22-961b-e8278ca6007c'),)]
(Background on this error at: https://sqlalche.me/e/20/f405)

2026-05-09 09:23:20 | INFO     | secureshield                   | Error alert email sent → ravishori@gmail.com
2026-05-09 09:23:35 | CRITICAL | secureshield./api/v1/elderly/config | Unhandled exception in request cycle — (sqlalchemy.dialects.postgresql.asyncpg.ProgrammingError) <class 'asyncpg.exceptions.UndefinedTableError'>: relation "elderly_configs" does not exist
[SQL: SELECT elderly_configs.id, elderly_configs.user_id, elderly_configs.enabled, elderly_configs.guardian_name, elderly_configs.guardian_phone, elderly_configs.guardian_email, elderly_configs.block_risky_installs, elderly_configs.alert_threshold, elderly_configs.auto_alert_guardian, elderly_configs.require_approval, elderly_configs.simplified_ui, elderly_configs.large_text, elderly_configs.updated_at, elderly_configs.created_at 
FROM elderly_configs 
WHERE elderly_configs.user_id = $1::UUID]
[parameters: (UUID('8e28c4e3-a43d-4e22-961b-e8278ca6007c'),)]
(Background on this error at: https://sqlalche.me/e/20/f405)
2026-05-09 09:23:35 | DEBUG    | secureshield./api/v1/elderly/config | Traceback:
Traceback (most recent call last):
  File "C:\Users\ravin\AppData\Local\Programs\Python\Python311\Lib\site-packages\sqlalchemy\dialects\postgresql\asyncpg.py", line 510, in _prepare_and_execute
    prepared_stmt, attributes = await adapt_connection._prepare(
                                ^^^^^^^^^^^^^^^^^^^^^^^^^^^^^^^^
  File "C:\Users\ravin\AppData\Local\Programs\Python\Python311\Lib\site-packages\sqlalchemy\dialects\postgresql\asyncpg.py", line 756, in _prepare
    prepared_stmt = await self._connection.prepare(
                    ^^^^^^^^^^^^^^^^^^^^^^^^^^^^^^^
  File "C:\Users\ravin\AppData\Local\Programs\Python\Python311\Lib\site-packages\asyncpg\connection.py", line 636, in prepare
    return await self._prepare(
           ^^^^^^^^^^^^^^^^^^^^
  File "C:\Users\ravin\AppData\Local\Programs\Python\Python311\Lib\site-packages\asyncpg\connection.py", line 654, in _prepare
    stmt = await self._get_statement(
           ^^^^^^^^^^^^^^^^^^^^^^^^^^
  File "C:\Users\ravin\AppData\Local\Programs\Python\Python311\Lib\site-packages\asyncpg\connection.py", line 433, in _get_statement
    statement = await self._protocol.prepare(
                ^^^^^^^^^^^^^^^^^^^^^^^^^^^^^
  File "asyncpg\protocol\protocol.pyx", line 166, in prepare
asyncpg.exceptions.UndefinedTableError: relation "elderly_configs" does not exist

The above exception was the direct cause of the following exception:

Traceback (most recent call last):
  File "C:\Users\ravin\AppData\Local\Programs\Python\Python311\Lib\site-packages\sqlalchemy\engine\base.py", line 1967, in _exec_single_context
    self.dialect.do_execute(
  File "C:\Users\ravin\AppData\Local\Programs\Python\Python311\Lib\site-packages\sqlalchemy\engine\default.py", line 941, in do_execute
    cursor.execute(statement, parameters)
  File "C:\Users\ravin\AppData\Local\Programs\Python\Python311\Lib\site-packages\sqlalchemy\dialects\postgresql\asyncpg.py", line 568, in execute
    self._adapt_connection.await_(
  File "C:\Users\ravin\AppData\Local\Programs\Python\Python311\Lib\site-packages\sqlalchemy\util\_concurrency_py3k.py", line 132, in await_only
    return current.parent.switch(awaitable)  # type: ignore[no-any-return,attr-defined] # noqa: E501
           ^^^^^^^^^^^^^^^^^^^^^^^^^^^^^^^^
  File "C:\Users\ravin\AppData\Local\Programs\Python\Python311\Lib\site-packages\sqlalchemy\util\_concurrency_py3k.py", line 196, in greenlet_spawn
    value = await result
            ^^^^^^^^^^^^
  File "C:\Users\ravin\AppData\Local\Programs\Python\Python311\Lib\site-packages\sqlalchemy\dialects\postgresql\asyncpg.py", line 546, in _prepare_and_execute
    self._handle_exception(error)
  File "C:\Users\ravin\AppData\Local\Programs\Python\Python311\Lib\site-packages\sqlalchemy\dialects\postgresql\asyncpg.py", line 497, in _handle_exception
    self._adapt_connection._handle_exception(error)
  File "C:\Users\ravin\AppData\Local\Programs\Python\Python311\Lib\site-packages\sqlalchemy\dialects\postgresql\asyncpg.py", line 780, in _handle_exception
    raise translated_error from error
sqlalchemy.dialects.postgresql.asyncpg.AsyncAdapt_asyncpg_dbapi.ProgrammingError: <class 'asyncpg.exceptions.UndefinedTableError'>: relation "elderly_configs" does not exist

The above exception was the direct cause of the following exception:

Traceback (most recent call last):
  File "D:\ravishori\SecureShieldApp\backend\app\middleware\error_handler.py", line 29, in dispatch
    response = await call_next(request)
               ^^^^^^^^^^^^^^^^^^^^^^^^
  File "C:\Users\ravin\AppData\Local\Programs\Python\Python311\Lib\site-packages\starlette\middleware\base.py", line 165, in call_next
    raise app_exc
  File "C:\Users\ravin\AppData\Local\Programs\Python\Python311\Lib\site-packages\starlette\middleware\base.py", line 151, in coro
    await self.app(scope, receive_or_disconnect, send_no_error)
  File "C:\Users\ravin\AppData\Local\Programs\Python\Python311\Lib\site-packages\starlette\middleware\exceptions.py", line 65, in __call__
    await wrap_app_handling_exceptions(self.app, conn)(scope, receive, send)
  File "C:\Users\ravin\AppData\Local\Programs\Python\Python311\Lib\site-packages\starlette\_exception_handler.py", line 64, in wrapped_app
    raise exc
  File "C:\Users\ravin\AppData\Local\Programs\Python\Python311\Lib\site-packages\starlette\_exception_handler.py", line 53, in wrapped_app
    await app(scope, receive, sender)
  File "C:\Users\ravin\AppData\Local\Programs\Python\Python311\Lib\site-packages\starlette\routing.py", line 756, in __call__
    await self.middleware_stack(scope, receive, send)
  File "C:\Users\ravin\AppData\Local\Programs\Python\Python311\Lib\site-packages\starlette\routing.py", line 776, in app
    await route.handle(scope, receive, send)
  File "C:\Users\ravin\AppData\Local\Programs\Python\Python311\Lib\site-packages\starlette\routing.py", line 297, in handle
    await self.app(scope, receive, send)
  File "C:\Users\ravin\AppData\Local\Programs\Python\Python311\Lib\site-packages\starlette\routing.py", line 77, in app
    await wrap_app_handling_exceptions(app, request)(scope, receive, send)
  File "C:\Users\ravin\AppData\Local\Programs\Python\Python311\Lib\site-packages\starlette\_exception_handler.py", line 64, in wrapped_app
    raise exc
  File "C:\Users\ravin\AppData\Local\Programs\Python\Python311\Lib\site-packages\starlette\_exception_handler.py", line 53, in wrapped_app
    await app(scope, receive, sender)
  File "C:\Users\ravin\AppData\Local\Programs\Python\Python311\Lib\site-packages\starlette\routing.py", line 72, in app
    response = await func(request)
               ^^^^^^^^^^^^^^^^^^^
  File "C:\Users\ravin\AppData\Local\Programs\Python\Python311\Lib\site-packages\fastapi\routing.py", line 301, in app
    raw_response = await run_endpoint_function(
                   ^^^^^^^^^^^^^^^^^^^^^^^^^^^^
  File "C:\Users\ravin\AppData\Local\Programs\Python\Python311\Lib\site-packages\fastapi\routing.py", line 212, in run_endpoint_function
    return await dependant.call(**values)
           ^^^^^^^^^^^^^^^^^^^^^^^^^^^^^^
  File "D:\ravishori\SecureShieldApp\backend\app\routers\elderly_protection.py", line 36, in get_config
    cfg = await _get_or_create(current_user.id, db)
          ^^^^^^^^^^^^^^^^^^^^^^^^^^^^^^^^^^^^^^^^^
  File "D:\ravishori\SecureShieldApp\backend\app\routers\elderly_protection.py", line 105, in _get_or_create
    result = await db.execute(select(ElderlyConfig).where(ElderlyConfig.user_id == user_id))
             ^^^^^^^^^^^^^^^^^^^^^^^^^^^^^^^^^^^^^^^^^^^^^^^^^^^^^^^^^^^^^^^^^^^^^^^^^^^^^^^
  File "C:\Users\ravin\AppData\Local\Programs\Python\Python311\Lib\site-packages\sqlalchemy\ext\asyncio\session.py", line 461, in execute
    result = await greenlet_spawn(
             ^^^^^^^^^^^^^^^^^^^^^
  File "C:\Users\ravin\AppData\Local\Programs\Python\Python311\Lib\site-packages\sqlalchemy\util\_concurrency_py3k.py", line 201, in greenlet_spawn
    result = context.throw(*sys.exc_info())
             ^^^^^^^^^^^^^^^^^^^^^^^^^^^^^^
  File "C:\Users\ravin\AppData\Local\Programs\Python\Python311\Lib\site-packages\sqlalchemy\orm\session.py", line 2362, in execute
    return self._execute_internal(
           ^^^^^^^^^^^^^^^^^^^^^^^
  File "C:\Users\ravin\AppData\Local\Programs\Python\Python311\Lib\site-packages\sqlalchemy\orm\session.py", line 2247, in _execute_internal
    result: Result[Any] = compile_state_cls.orm_execute_statement(
                          ^^^^^^^^^^^^^^^^^^^^^^^^^^^^^^^^^^^^^^^^
  File "C:\Users\ravin\AppData\Local\Programs\Python\Python311\Lib\site-packages\sqlalchemy\orm\context.py", line 305, in orm_execute_statement
    result = conn.execute(
             ^^^^^^^^^^^^^
  File "C:\Users\ravin\AppData\Local\Programs\Python\Python311\Lib\site-packages\sqlalchemy\engine\base.py", line 1418, in execute
    return meth(
           ^^^^^
  File "C:\Users\ravin\AppData\Local\Programs\Python\Python311\Lib\site-packages\sqlalchemy\sql\elements.py", line 515, in _execute_on_connection
    return connection._execute_clauseelement(
           ^^^^^^^^^^^^^^^^^^^^^^^^^^^^^^^^^^
  File "C:\Users\ravin\AppData\Local\Programs\Python\Python311\Lib\site-packages\sqlalchemy\engine\base.py", line 1640, in _execute_clauseelement
    ret = self._execute_context(
          ^^^^^^^^^^^^^^^^^^^^^^
  File "C:\Users\ravin\AppData\Local\Programs\Python\Python311\Lib\site-packages\sqlalchemy\engine\base.py", line 1846, in _execute_context
    return self._exec_single_context(
           ^^^^^^^^^^^^^^^^^^^^^^^^^^
  File "C:\Users\ravin\AppData\Local\Programs\Python\Python311\Lib\site-packages\sqlalchemy\engine\base.py", line 1986, in _exec_single_context
    self._handle_dbapi_exception(
  File "C:\Users\ravin\AppData\Local\Programs\Python\Python311\Lib\site-packages\sqlalchemy\engine\base.py", line 2355, in _handle_dbapi_exception
    raise sqlalchemy_exception.with_traceback(exc_info[2]) from e
  File "C:\Users\ravin\AppData\Local\Programs\Python\Python311\Lib\site-packages\sqlalchemy\engine\base.py", line 1967, in _exec_single_context
    self.dialect.do_execute(
  File "C:\Users\ravin\AppData\Local\Programs\Python\Python311\Lib\site-packages\sqlalchemy\engine\default.py", line 941, in do_execute
    cursor.execute(statement, parameters)
  File "C:\Users\ravin\AppData\Local\Programs\Python\Python311\Lib\site-packages\sqlalchemy\dialects\postgresql\asyncpg.py", line 568, in execute
    self._adapt_connection.await_(
  File "C:\Users\ravin\AppData\Local\Programs\Python\Python311\Lib\site-packages\sqlalchemy\util\_concurrency_py3k.py", line 132, in await_only
    return current.parent.switch(awaitable)  # type: ignore[no-any-return,attr-defined] # noqa: E501
           ^^^^^^^^^^^^^^^^^^^^^^^^^^^^^^^^
  File "C:\Users\ravin\AppData\Local\Programs\Python\Python311\Lib\site-packages\sqlalchemy\util\_concurrency_py3k.py", line 196, in greenlet_spawn
    value = await result
            ^^^^^^^^^^^^
  File "C:\Users\ravin\AppData\Local\Programs\Python\Python311\Lib\site-packages\sqlalchemy\dialects\postgresql\asyncpg.py", line 546, in _prepare_and_execute
    self._handle_exception(error)
  File "C:\Users\ravin\AppData\Local\Programs\Python\Python311\Lib\site-packages\sqlalchemy\dialects\postgresql\asyncpg.py", line 497, in _handle_exception
    self._adapt_connection._handle_exception(error)
  File "C:\Users\ravin\AppData\Local\Programs\Python\Python311\Lib\site-packages\sqlalchemy\dialects\postgresql\asyncpg.py", line 780, in _handle_exception
    raise translated_error from error
sqlalchemy.exc.ProgrammingError: (sqlalchemy.dialects.postgresql.asyncpg.ProgrammingError) <class 'asyncpg.exceptions.UndefinedTableError'>: relation "elderly_configs" does not exist
[SQL: SELECT elderly_configs.id, elderly_configs.user_id, elderly_configs.enabled, elderly_configs.guardian_name, elderly_configs.guardian_phone, elderly_configs.guardian_email, elderly_configs.block_risky_installs, elderly_configs.alert_threshold, elderly_configs.auto_alert_guardian, elderly_configs.require_approval, elderly_configs.simplified_ui, elderly_configs.large_text, elderly_configs.updated_at, elderly_configs.created_at 
FROM elderly_configs 
WHERE elderly_configs.user_id = $1::UUID]
[parameters: (UUID('8e28c4e3-a43d-4e22-961b-e8278ca6007c'),)]
(Background on this error at: https://sqlalche.me/e/20/f405)

2026-05-09 09:23:38 | INFO     | secureshield                   | Error alert email sent → ravishori@gmail.com
2026-05-09 09:26:25 | CRITICAL | secureshield./api/v1/elderly/config | Unhandled exception in request cycle — (sqlalchemy.dialects.postgresql.asyncpg.ProgrammingError) <class 'asyncpg.exceptions.UndefinedTableError'>: relation "elderly_configs" does not exist
[SQL: SELECT elderly_configs.id, elderly_configs.user_id, elderly_configs.enabled, elderly_configs.guardian_name, elderly_configs.guardian_phone, elderly_configs.guardian_email, elderly_configs.block_risky_installs, elderly_configs.alert_threshold, elderly_configs.auto_alert_guardian, elderly_configs.require_approval, elderly_configs.simplified_ui, elderly_configs.large_text, elderly_configs.updated_at, elderly_configs.created_at 
FROM elderly_configs 
WHERE elderly_configs.user_id = $1::UUID]
[parameters: (UUID('8e28c4e3-a43d-4e22-961b-e8278ca6007c'),)]
(Background on this error at: https://sqlalche.me/e/20/f405)
2026-05-09 09:26:25 | DEBUG    | secureshield./api/v1/elderly/config | Traceback:
Traceback (most recent call last):
  File "C:\Users\ravin\AppData\Local\Programs\Python\Python311\Lib\site-packages\sqlalchemy\dialects\postgresql\asyncpg.py", line 510, in _prepare_and_execute
    prepared_stmt, attributes = await adapt_connection._prepare(
                                ^^^^^^^^^^^^^^^^^^^^^^^^^^^^^^^^
  File "C:\Users\ravin\AppData\Local\Programs\Python\Python311\Lib\site-packages\sqlalchemy\dialects\postgresql\asyncpg.py", line 756, in _prepare
    prepared_stmt = await self._connection.prepare(
                    ^^^^^^^^^^^^^^^^^^^^^^^^^^^^^^^
  File "C:\Users\ravin\AppData\Local\Programs\Python\Python311\Lib\site-packages\asyncpg\connection.py", line 636, in prepare
    return await self._prepare(
           ^^^^^^^^^^^^^^^^^^^^
  File "C:\Users\ravin\AppData\Local\Programs\Python\Python311\Lib\site-packages\asyncpg\connection.py", line 654, in _prepare
    stmt = await self._get_statement(
           ^^^^^^^^^^^^^^^^^^^^^^^^^^
  File "C:\Users\ravin\AppData\Local\Programs\Python\Python311\Lib\site-packages\asyncpg\connection.py", line 433, in _get_statement
    statement = await self._protocol.prepare(
                ^^^^^^^^^^^^^^^^^^^^^^^^^^^^^
  File "asyncpg\protocol\protocol.pyx", line 166, in prepare
asyncpg.exceptions.UndefinedTableError: relation "elderly_configs" does not exist

The above exception was the direct cause of the following exception:

Traceback (most recent call last):
  File "C:\Users\ravin\AppData\Local\Programs\Python\Python311\Lib\site-packages\sqlalchemy\engine\base.py", line 1967, in _exec_single_context
    self.dialect.do_execute(
  File "C:\Users\ravin\AppData\Local\Programs\Python\Python311\Lib\site-packages\sqlalchemy\engine\default.py", line 941, in do_execute
    cursor.execute(statement, parameters)
  File "C:\Users\ravin\AppData\Local\Programs\Python\Python311\Lib\site-packages\sqlalchemy\dialects\postgresql\asyncpg.py", line 568, in execute
    self._adapt_connection.await_(
  File "C:\Users\ravin\AppData\Local\Programs\Python\Python311\Lib\site-packages\sqlalchemy\util\_concurrency_py3k.py", line 132, in await_only
    return current.parent.switch(awaitable)  # type: ignore[no-any-return,attr-defined] # noqa: E501
           ^^^^^^^^^^^^^^^^^^^^^^^^^^^^^^^^
  File "C:\Users\ravin\AppData\Local\Programs\Python\Python311\Lib\site-packages\sqlalchemy\util\_concurrency_py3k.py", line 196, in greenlet_spawn
    value = await result
            ^^^^^^^^^^^^
  File "C:\Users\ravin\AppData\Local\Programs\Python\Python311\Lib\site-packages\sqlalchemy\dialects\postgresql\asyncpg.py", line 546, in _prepare_and_execute
    self._handle_exception(error)
  File "C:\Users\ravin\AppData\Local\Programs\Python\Python311\Lib\site-packages\sqlalchemy\dialects\postgresql\asyncpg.py", line 497, in _handle_exception
    self._adapt_connection._handle_exception(error)
  File "C:\Users\ravin\AppData\Local\Programs\Python\Python311\Lib\site-packages\sqlalchemy\dialects\postgresql\asyncpg.py", line 780, in _handle_exception
    raise translated_error from error
sqlalchemy.dialects.postgresql.asyncpg.AsyncAdapt_asyncpg_dbapi.ProgrammingError: <class 'asyncpg.exceptions.UndefinedTableError'>: relation "elderly_configs" does not exist

The above exception was the direct cause of the following exception:

Traceback (most recent call last):
  File "D:\ravishori\SecureShieldApp\backend\app\middleware\error_handler.py", line 29, in dispatch
    response = await call_next(request)
               ^^^^^^^^^^^^^^^^^^^^^^^^
  File "C:\Users\ravin\AppData\Local\Programs\Python\Python311\Lib\site-packages\starlette\middleware\base.py", line 165, in call_next
    raise app_exc
  File "C:\Users\ravin\AppData\Local\Programs\Python\Python311\Lib\site-packages\starlette\middleware\base.py", line 151, in coro
    await self.app(scope, receive_or_disconnect, send_no_error)
  File "C:\Users\ravin\AppData\Local\Programs\Python\Python311\Lib\site-packages\starlette\middleware\exceptions.py", line 65, in __call__
    await wrap_app_handling_exceptions(self.app, conn)(scope, receive, send)
  File "C:\Users\ravin\AppData\Local\Programs\Python\Python311\Lib\site-packages\starlette\_exception_handler.py", line 64, in wrapped_app
    raise exc
  File "C:\Users\ravin\AppData\Local\Programs\Python\Python311\Lib\site-packages\starlette\_exception_handler.py", line 53, in wrapped_app
    await app(scope, receive, sender)
  File "C:\Users\ravin\AppData\Local\Programs\Python\Python311\Lib\site-packages\starlette\routing.py", line 756, in __call__
    await self.middleware_stack(scope, receive, send)
  File "C:\Users\ravin\AppData\Local\Programs\Python\Python311\Lib\site-packages\starlette\routing.py", line 776, in app
    await route.handle(scope, receive, send)
  File "C:\Users\ravin\AppData\Local\Programs\Python\Python311\Lib\site-packages\starlette\routing.py", line 297, in handle
    await self.app(scope, receive, send)
  File "C:\Users\ravin\AppData\Local\Programs\Python\Python311\Lib\site-packages\starlette\routing.py", line 77, in app
    await wrap_app_handling_exceptions(app, request)(scope, receive, send)
  File "C:\Users\ravin\AppData\Local\Programs\Python\Python311\Lib\site-packages\starlette\_exception_handler.py", line 64, in wrapped_app
    raise exc
  File "C:\Users\ravin\AppData\Local\Programs\Python\Python311\Lib\site-packages\starlette\_exception_handler.py", line 53, in wrapped_app
    await app(scope, receive, sender)
  File "C:\Users\ravin\AppData\Local\Programs\Python\Python311\Lib\site-packages\starlette\routing.py", line 72, in app
    response = await func(request)
               ^^^^^^^^^^^^^^^^^^^
  File "C:\Users\ravin\AppData\Local\Programs\Python\Python311\Lib\site-packages\fastapi\routing.py", line 301, in app
    raw_response = await run_endpoint_function(
                   ^^^^^^^^^^^^^^^^^^^^^^^^^^^^
  File "C:\Users\ravin\AppData\Local\Programs\Python\Python311\Lib\site-packages\fastapi\routing.py", line 212, in run_endpoint_function
    return await dependant.call(**values)
           ^^^^^^^^^^^^^^^^^^^^^^^^^^^^^^
  File "D:\ravishori\SecureShieldApp\backend\app\routers\elderly_protection.py", line 36, in get_config
    cfg = await _get_or_create(current_user.id, db)
          ^^^^^^^^^^^^^^^^^^^^^^^^^^^^^^^^^^^^^^^^^
  File "D:\ravishori\SecureShieldApp\backend\app\routers\elderly_protection.py", line 105, in _get_or_create
    result = await db.execute(select(ElderlyConfig).where(ElderlyConfig.user_id == user_id))
             ^^^^^^^^^^^^^^^^^^^^^^^^^^^^^^^^^^^^^^^^^^^^^^^^^^^^^^^^^^^^^^^^^^^^^^^^^^^^^^^
  File "C:\Users\ravin\AppData\Local\Programs\Python\Python311\Lib\site-packages\sqlalchemy\ext\asyncio\session.py", line 461, in execute
    result = await greenlet_spawn(
             ^^^^^^^^^^^^^^^^^^^^^
  File "C:\Users\ravin\AppData\Local\Programs\Python\Python311\Lib\site-packages\sqlalchemy\util\_concurrency_py3k.py", line 201, in greenlet_spawn
    result = context.throw(*sys.exc_info())
             ^^^^^^^^^^^^^^^^^^^^^^^^^^^^^^
  File "C:\Users\ravin\AppData\Local\Programs\Python\Python311\Lib\site-packages\sqlalchemy\orm\session.py", line 2362, in execute
    return self._execute_internal(
           ^^^^^^^^^^^^^^^^^^^^^^^
  File "C:\Users\ravin\AppData\Local\Programs\Python\Python311\Lib\site-packages\sqlalchemy\orm\session.py", line 2247, in _execute_internal
    result: Result[Any] = compile_state_cls.orm_execute_statement(
                          ^^^^^^^^^^^^^^^^^^^^^^^^^^^^^^^^^^^^^^^^
  File "C:\Users\ravin\AppData\Local\Programs\Python\Python311\Lib\site-packages\sqlalchemy\orm\context.py", line 305, in orm_execute_statement
    result = conn.execute(
             ^^^^^^^^^^^^^
  File "C:\Users\ravin\AppData\Local\Programs\Python\Python311\Lib\site-packages\sqlalchemy\engine\base.py", line 1418, in execute
    return meth(
           ^^^^^
  File "C:\Users\ravin\AppData\Local\Programs\Python\Python311\Lib\site-packages\sqlalchemy\sql\elements.py", line 515, in _execute_on_connection
    return connection._execute_clauseelement(
           ^^^^^^^^^^^^^^^^^^^^^^^^^^^^^^^^^^
  File "C:\Users\ravin\AppData\Local\Programs\Python\Python311\Lib\site-packages\sqlalchemy\engine\base.py", line 1640, in _execute_clauseelement
    ret = self._execute_context(
          ^^^^^^^^^^^^^^^^^^^^^^
  File "C:\Users\ravin\AppData\Local\Programs\Python\Python311\Lib\site-packages\sqlalchemy\engine\base.py", line 1846, in _execute_context
    return self._exec_single_context(
           ^^^^^^^^^^^^^^^^^^^^^^^^^^
  File "C:\Users\ravin\AppData\Local\Programs\Python\Python311\Lib\site-packages\sqlalchemy\engine\base.py", line 1986, in _exec_single_context
    self._handle_dbapi_exception(
  File "C:\Users\ravin\AppData\Local\Programs\Python\Python311\Lib\site-packages\sqlalchemy\engine\base.py", line 2355, in _handle_dbapi_exception
    raise sqlalchemy_exception.with_traceback(exc_info[2]) from e
  File "C:\Users\ravin\AppData\Local\Programs\Python\Python311\Lib\site-packages\sqlalchemy\engine\base.py", line 1967, in _exec_single_context
    self.dialect.do_execute(
  File "C:\Users\ravin\AppData\Local\Programs\Python\Python311\Lib\site-packages\sqlalchemy\engine\default.py", line 941, in do_execute
    cursor.execute(statement, parameters)
  File "C:\Users\ravin\AppData\Local\Programs\Python\Python311\Lib\site-packages\sqlalchemy\dialects\postgresql\asyncpg.py", line 568, in execute
    self._adapt_connection.await_(
  File "C:\Users\ravin\AppData\Local\Programs\Python\Python311\Lib\site-packages\sqlalchemy\util\_concurrency_py3k.py", line 132, in await_only
    return current.parent.switch(awaitable)  # type: ignore[no-any-return,attr-defined] # noqa: E501
           ^^^^^^^^^^^^^^^^^^^^^^^^^^^^^^^^
  File "C:\Users\ravin\AppData\Local\Programs\Python\Python311\Lib\site-packages\sqlalchemy\util\_concurrency_py3k.py", line 196, in greenlet_spawn
    value = await result
            ^^^^^^^^^^^^
  File "C:\Users\ravin\AppData\Local\Programs\Python\Python311\Lib\site-packages\sqlalchemy\dialects\postgresql\asyncpg.py", line 546, in _prepare_and_execute
    self._handle_exception(error)
  File "C:\Users\ravin\AppData\Local\Programs\Python\Python311\Lib\site-packages\sqlalchemy\dialects\postgresql\asyncpg.py", line 497, in _handle_exception
    self._adapt_connection._handle_exception(error)
  File "C:\Users\ravin\AppData\Local\Programs\Python\Python311\Lib\site-packages\sqlalchemy\dialects\postgresql\asyncpg.py", line 780, in _handle_exception
    raise translated_error from error
sqlalchemy.exc.ProgrammingError: (sqlalchemy.dialects.postgresql.asyncpg.ProgrammingError) <class 'asyncpg.exceptions.UndefinedTableError'>: relation "elderly_configs" does not exist
[SQL: SELECT elderly_configs.id, elderly_configs.user_id, elderly_configs.enabled, elderly_configs.guardian_name, elderly_configs.guardian_phone, elderly_configs.guardian_email, elderly_configs.block_risky_installs, elderly_configs.alert_threshold, elderly_configs.auto_alert_guardian, elderly_configs.require_approval, elderly_configs.simplified_ui, elderly_configs.large_text, elderly_configs.updated_at, elderly_configs.created_at 
FROM elderly_configs 
WHERE elderly_configs.user_id = $1::UUID]
[parameters: (UUID('8e28c4e3-a43d-4e22-961b-e8278ca6007c'),)]
(Background on this error at: https://sqlalche.me/e/20/f405)

2026-05-09 09:26:28 | INFO     | secureshield                   | Error alert email sent → ravishori@gmail.com
2026-05-09 12:30:09 | INFO     | secureshield.app.main          | SecureShield AI API shutting down.
